Taxpayer_ID,Revenue,Expenses,Tax_Liability,Tax_Paid,Late_Filings,Compliance_Violations,Industry,Profit,Tax_Compliance_Ratio,Audit_Findings,Audit_to_Tax_Ratio,Risk_Label
1,1149014.25,979871.09,39872.33,28921.92,2,1,Finance,169143.16000000003,0.73,0,0.0,High
2,958520.71,884926.74,47832.22,39396.15,1,1,Retail,73593.96999999997,0.82,0,0.0,Medium
3,1194306.56,711926.07,38113.7,43863.94,4,0,Manufacturing,482380.4900000001,1.15,3,0.0,High
4,1456908.96,570612.64,45380.58,66876.88,4,2,Finance,886296.32,1.47,1,0.0,High
5,929753.99,839644.66,21595.78,53565.53,0,0,Tech,90109.32999999996,2.48,2,0.0,Low
6,929758.91,778697.08,53199.41,34645.18,0,2,Manufacturing,151061.83000000007,0.65,8,0.0,High
7,1473763.84,879038.64,50018.08,52860.36,2,0,Healthcare,594725.2000000001,1.06,1,0.0,Medium
8,1230230.42,827034.36,37743.67,32526.96,1,2,Finance,403196.05999999994,0.86,3,0.0,High
9,859157.68,909910.54,59888.69,58826.91,3,0,Healthcare,-50752.859999999986,0.98,0,0.0,High
10,1162768.01,592952.96,64063.55,43288.75,0,2,Healthcare,569815.05,0.68,1,0.0,High
11,860974.69,963478.81,25886.6,47063.64,3,2,Healthcare,-102504.12000000011,1.82,4,0.0,High
12,860281.07,739519.92,38559.13,61257.97,3,2,Retail,120761.1499999999,1.59,9,0.0,High
13,1072588.68,1115052.17,38462.86,35128.36,1,2,Healthcare,-42463.48999999999,0.91,0,0.0,High
14,426015.93,562162.44,35901.45,34028.82,2,2,Tech,-136146.50999999995,0.95,6,0.0,High
15,482524.65,1047192.76,62442.12,42164.01,1,1,Tech,-564668.11,0.68,3,0.0,High
16,831313.74,739582.16,47092.61,58383.79,0,2,Manufacturing,91731.57999999996,1.24,5,0.0,High
17,696150.66,569716.4,46032.28,32806.54,3,1,Healthcare,126434.26000000001,0.71,7,0.0,High
18,1094274.2,603222.83,19942.06,19678.44,1,2,Healthcare,491051.37,0.99,5,0.0,High
19,727592.78,635930.54,59531.27,43488.41,1,1,Finance,91662.23999999999,0.73,1,0.0,High
20,576308.89,784833.19,31411.12,53517.41,1,1,Retail,-208524.29999999993,1.7,0,0.0,Low
21,1439694.63,804567.1,50898.99,60002.62,0,0,Manufacturing,635127.5299999999,1.18,7,0.0,Low
22,932267.11,585260.0,54160.65,43368.39,2,2,Healthcare,347007.11,0.8,7,0.0,High
23,1020258.46,695129.08,70409.88,43885.73,1,0,Finance,325129.38,0.62,8,0.0,High
24,572575.54,1128454.07,30367.69,59539.01,0,0,Retail,-555878.53,1.96,5,0.0,Low
25,836685.18,1045508.63,4707.32,29302.58,3,2,Manufacturing,-208823.44999999995,6.22,0,0.0,High
26,1033276.78,787264.73,52757.74,44114.79,4,0,Manufacturing,246012.05000000005,0.84,8,0.0,High
27,654701.93,707600.7,77007.67,49904.24,0,2,Healthcare,-52898.7699999999,0.65,2,0.0,High
28,1112709.41,724006.27,68584.2,52492.19,4,0,Manufacturing,388703.1399999999,0.77,5,0.0,High
29,819808.39,822703.59,53144.89,42901.93,1,2,Finance,-2895.1999999999534,0.81,9,0.0,High
30,912491.88,495441.49,42625.46,48344.41,1,2,Manufacturing,417050.39,1.13,9,0.0,High
31,819488.02,648524.69,62106.84,23116.73,0,2,Tech,170963.33000000007,0.37,8,0.0,High
32,1555683.46,366283.19,35396.81,41417.52,4,1,Finance,1189400.27,1.17,2,0.0,High
33,995950.83,779844.62,57145.37,52535.09,1,0,Retail,216106.20999999996,0.92,4,0.0,Low
34,682686.72,829439.19,57582.05,38177.06,3,1,Retail,-146752.46999999997,0.66,4,0.0,High
35,1246763.47,603362.71,65903.15,48589.84,2,0,Healthcare,643400.76,0.74,9,0.0,High
36,633746.91,1014797.35,91394.9,52468.73,2,0,Healthcare,-381050.43999999994,0.57,6,0.0,High
37,1062659.08,454846.87,55886.24,44574.51,1,0,Tech,607812.2100000001,0.8,3,0.0,Medium
38,412098.96,407125.02,42365.55,49704.64,4,1,Retail,4973.940000000002,1.17,3,0.0,High
39,601544.19,744890.36,49616.39,38372.67,1,0,Retail,-143346.17000000004,0.77,6,0.0,High
40,1059058.37,909419.66,23463.86,45933.89,4,1,Retail,149638.71000000008,1.96,8,0.0,High
41,1221539.97,1036785.54,39579.3,54102.16,3,2,Retail,184754.42999999993,1.37,3,0.0,High
42,1051410.48,608223.15,43860.76,49569.73,4,0,Manufacturing,443187.32999999996,1.13,3,0.0,High
43,965305.52,915736.17,42138.67,42134.69,1,0,Finance,49569.34999999998,1.0,5,0.0,Low
44,909668.89,692298.31,52285.32,50242.16,3,2,Finance,217370.57999999996,0.96,5,0.0,High
45,556443.4,665474.54,37663.7,55146.1,0,2,Tech,-109031.14000000001,1.46,6,0.0,High
46,784046.74,876731.99,66815.46,27500.59,2,0,Manufacturing,-92685.25,0.41,0,0.0,High
47,861808.37,830464.58,50003.11,59590.74,1,2,Retail,31343.790000000037,1.19,2,0.0,High
48,1317136.67,384721.57,49860.5,44637.45,1,1,Retail,932415.0999999999,0.9,8,0.0,Low
49,1103085.49,995308.07,45081.58,52254.9,1,1,Healthcare,107777.42000000004,1.16,5,0.0,Low
50,471087.95,976018.27,52327.86,59972.47,3,0,Healthcare,-504930.32,1.15,5,0.0,High
51,1097225.19,574887.46,62376.47,34283.26,0,1,Tech,522337.73,0.55,4,0.0,High
52,884475.32,779160.71,36993.05,40905.59,4,1,Retail,105314.60999999999,1.11,2,0.0,High
53,796923.4,798806.04,40128.25,45114.51,0,0,Tech,-1882.640000000014,1.12,4,0.0,Low
54,1183502.89,752134.75,45444.11,40162.46,3,2,Manufacturing,431368.1399999999,0.88,0,0.0,High
55,1309299.86,589938.97,29811.94,65349.37,1,0,Finance,719360.8900000001,2.19,2,0.0,Low
56,1279384.04,565675.33,37711.13,39432.28,2,1,Retail,713708.7100000001,1.05,3,0.0,Medium
57,748234.74,694889.19,42856.69,42444.53,1,0,Manufacturing,53345.55000000005,0.99,4,0.0,Low
58,907236.29,934545.8,63115.84,50043.89,4,0,Retail,-27309.51000000001,0.79,9,0.0,High
59,1099379.03,808720.03,53938.42,35978.5,2,1,Healthcare,290659.0,0.67,8,0.0,High
60,1292663.54,625877.13,52903.85,44043.19,1,1,Tech,666786.41,0.83,3,0.0,Medium
61,856247.73,854339.74,62763.47,51174.53,2,0,Healthcare,1907.9899999999907,0.82,2,0.0,Medium
62,944302.31,130291.48,47939.42,44671.4,0,1,Finance,814010.8300000001,0.93,9,0.0,Low
63,668099.51,929753.14,55856.97,47066.13,3,1,Healthcare,-261653.63,0.84,0,0.0,High
64,641138.01,352057.24,48451.67,42706.68,1,1,Retail,289080.77,0.88,9,0.0,Medium
65,1243757.75,627511.81,53980.44,32855.3,4,1,Healthcare,616245.94,0.61,5,0.0,High
66,1406872.01,476066.02,41258.62,51215.93,0,1,Retail,930805.99,1.24,6,0.0,Low
67,978396.96,441063.7,13417.74,65549.33,1,1,Finance,537333.26,4.89,9,0.0,Low
68,1301059.87,932165.36,47985.81,48184.02,0,2,Healthcare,368894.5100000001,1.0,7,0.0,High
69,1108490.81,606459.76,71341.22,50252.64,4,0,Tech,502031.05000000005,0.7,0,0.0,High
70,806464.07,769300.78,63893.23,54927.23,1,1,Tech,37163.28999999992,0.86,3,0.0,Medium
71,1108418.68,690615.88,64480.96,35306.7,4,0,Tech,417802.79999999993,0.55,4,0.0,High
72,1461410.97,795408.17,68541.96,65025.15,2,2,Healthcare,666002.7999999999,0.95,1,0.0,High
73,989252.19,715364.38,51329.86,50023.29,4,1,Healthcare,273887.80999999994,0.97,0,0.0,High
74,1469393.1,443401.56,52959.74,64318.57,2,0,Healthcare,1025991.54,1.21,7,0.0,Medium
75,214076.47,899253.36,40735.22,40669.67,1,1,Retail,-685176.89,1.0,5,0.0,Low
76,1246570.75,601248.68,45258.91,66180.62,2,1,Finance,645322.07,1.46,4,0.0,Medium
77,1026114.12,388683.62,59236.57,55751.55,1,1,Tech,637430.5,0.94,8,0.0,Low
78,910297.79,614376.97,68058.27,53530.4,1,1,Retail,295920.82000000007,0.79,1,0.0,High
79,1027528.23,1000151.96,47908.31,50340.24,3,1,Tech,27376.27000000002,1.05,9,0.0,High
80,403729.33,870044.35,43247.16,45514.71,1,1,Retail,-466315.01999999996,1.05,7,0.0,Low
81,934098.43,630269.57,50007.92,60005.32,2,1,Healthcare,303828.8600000001,1.2,9,0.0,Medium
82,1107133.77,630148.46,59018.1,49403.6,3,2,Tech,476985.31000000006,0.84,8,0.0,High
83,1443368.21,635672.99,28342.18,28329.3,3,2,Healthcare,807695.22,1.0,0,0.0,High
84,844518.93,1115349.6,15557.29,36828.14,1,1,Tech,-270830.67000000004,2.37,6,0.0,Low
85,757451.92,776387.09,41741.95,46141.54,4,1,Manufacturing,-18935.169999999925,1.11,7,0.0,High
86,849472.89,786008.33,31689.31,51099.99,4,2,Retail,63464.560000000056,1.61,2,0.0,High
87,1274620.64,906056.69,42377.9,47434.12,3,2,Manufacturing,368563.94999999995,1.12,3,0.0,High
88,1098625.33,747757.83,47783.3,60189.71,1,2,Retail,350867.5000000001,1.26,2,0.0,High
89,841071.94,648191.57,43201.27,28488.98,4,1,Finance,192880.37,0.66,6,0.0,High
90,1153980.23,660730.03,71787.01,49435.88,1,0,Tech,493250.19999999995,0.69,8,0.0,High
91,1029123.26,685679.75,54901.17,29820.21,1,0,Finance,343443.51,0.54,2,0.0,High
92,1290593.5,692555.55,54507.12,55597.12,3,0,Finance,598037.95,1.02,5,0.0,High
93,789384.07,845525.91,59333.11,47055.41,3,0,Retail,-56141.840000000084,0.79,7,0.0,High
94,901701.36,710389.18,32917.5,52196.1,0,1,Manufacturing,191312.17999999993,1.59,5,0.0,Low
95,882367.55,846528.02,65586.68,39361.17,4,0,Healthcare,35839.53000000003,0.6,1,0.0,High
96,560945.52,683856.68,48863.54,60794.65,4,2,Retail,-122911.16000000003,1.24,6,0.0,High
97,1088836.08,715727.04,60057.21,58417.25,4,2,Healthcare,373109.04000000004,0.97,1,0.0,High
98,1078316.58,300359.86,33922.14,53835.44,2,0,Finance,777956.7200000001,1.59,1,0.0,Medium
99,1001534.04,883265.53,26693.62,46704.83,1,2,Healthcare,118268.51000000001,1.75,1,0.0,High
100,929623.86,769297.7,62268.34,53798.57,3,1,Manufacturing,160326.16000000003,0.86,0,0.0,High
101,575388.78,899602.02,55646.14,40931.07,4,0,Retail,-324213.24,0.74,0,0.0,High
102,873806.4,120748.92,36469.23,56555.56,0,0,Manufacturing,753057.48,1.55,6,0.0,Low
103,897185.65,1117674.94,36955.05,64494.81,4,1,Manufacturing,-220489.28999999992,1.75,4,0.0,High
104,759316.82,672082.07,66881.52,58706.11,1,2,Retail,87234.75,0.88,2,0.0,High
105,951614.29,921636.56,32158.82,40703.98,1,1,Manufacturing,29977.72999999998,1.27,0,0.0,Low
106,1121215.26,492018.81,74640.09,51614.17,3,1,Tech,629196.45,0.69,9,0.0,High
107,1565855.77,822554.78,36490.69,35068.58,2,2,Tech,743300.99,0.96,5,0.0,High
108,1052373.34,489316.89,59575.88,53723.9,3,1,Tech,563056.4500000001,0.9,0,0.0,High
109,1077265.12,575246.21,45070.72,52506.03,4,2,Healthcare,502018.91000000015,1.16,8,0.0,High
110,977666.23,1082806.27,59047.81,29301.84,0,2,Manufacturing,-105140.04000000004,0.5,1,0.0,High
111,424368.64,661863.52,41838.29,36382.16,3,1,Retail,-237494.88,0.87,0,0.0,High
112,992045.84,743486.57,47558.11,45168.61,2,2,Retail,248559.27000000002,0.95,6,0.0,High
113,1018069.06,874013.55,50613.79,44991.4,3,1,Healthcare,144055.51,0.89,5,0.0,High
114,1738972.63,799136.38,34967.19,35905.23,1,2,Retail,939836.2499999999,1.03,5,0.0,High
115,942291.71,730083.78,61112.37,51889.79,4,0,Tech,212207.92999999993,0.85,4,0.0,High
116,1090464.2,772992.2,42301.8,50514.74,4,2,Manufacturing,317472.0,1.19,3,0.0,High
117,989586.47,1180683.12,46571.0,46057.31,4,2,Retail,-191096.65000000014,0.99,3,0.0,High
118,649396.59,688476.24,35084.76,40442.08,4,1,Retail,-39079.65000000002,1.15,2,0.0,High
119,1342846.84,740219.81,11565.0,58487.07,4,2,Finance,602627.03,5.06,9,0.0,High
120,1225579.91,910130.88,47134.58,64554.07,4,0,Finance,315449.0299999999,1.37,7,0.0,High
121,1237309.58,921105.19,86189.23,43164.39,0,0,Finance,316204.39000000013,0.5,6,0.0,High
122,727183.76,937406.06,61769.06,41878.33,2,2,Manufacturing,-210222.30000000005,0.68,8,0.0,High
123,1420838.29,827746.04,49711.09,52912.08,4,2,Tech,593092.25,1.06,0,0.0,High
124,579444.68,471399.02,46056.64,44419.71,2,0,Tech,108045.66000000003,0.96,6,0.0,Medium
125,1176057.13,1026686.31,50336.99,46606.03,4,1,Tech,149370.81999999983,0.93,9,0.0,High
126,1657136.69,470730.92,58206.79,55396.53,3,0,Manufacturing,1186405.77,0.95,3,0.0,High
127,702839.1,760527.09,32287.81,28906.44,4,0,Manufacturing,-57687.98999999999,0.9,6,0.0,High
128,830110.68,549144.83,66714.83,61183.02,1,2,Finance,280965.8500000001,0.92,0,0.0,High
129,1029895.41,687172.33,60730.72,48726.81,0,2,Retail,342723.0800000001,0.8,4,0.0,High
130,848957.3,765752.48,60772.79,43885.07,3,0,Healthcare,83204.82000000007,0.72,2,0.0,High
131,534800.97,764271.44,56577.14,47107.66,3,1,Healthcare,-229470.46999999997,0.83,4,0.0,High
132,1020568.89,784384.15,50294.25,47624.29,1,0,Retail,236184.74,0.95,3,0.0,Low
133,681308.89,1022742.25,60092.92,30687.99,4,0,Finance,-341433.36,0.51,1,0.0,High
134,1142077.73,790706.86,58877.21,62949.38,0,1,Retail,351370.87,1.07,3,0.0,Low
135,724172.73,651168.67,44689.39,48413.26,3,0,Retail,73004.05999999994,1.08,2,0.0,High
136,1464980.32,892817.43,41395.97,52430.02,0,0,Healthcare,572162.89,1.27,0,0.0,Low
137,765024.01,937894.1,51527.84,57515.5,3,2,Finance,-172870.08999999997,1.12,9,0.0,High
138,903381.55,454478.44,73235.3,37788.38,4,1,Manufacturing,448903.11000000004,0.52,7,0.0,High
139,1244055.17,819480.01,31413.39,52734.72,3,2,Healthcare,424575.1599999999,1.68,4,0.0,High
140,630740.71,840234.55,27987.12,45323.59,3,2,Manufacturing,-209493.84000000008,1.62,3,0.0,High
141,1068237.98,640487.3,52471.41,56467.71,2,1,Finance,427750.67999999993,1.08,9,0.0,Medium
142,1392142.83,975141.36,50763.32,26727.73,4,1,Retail,417001.4700000001,0.53,4,0.0,High
143,517755.03,669988.88,52600.12,47009.06,1,0,Tech,-152233.84999999998,0.89,3,0.0,Medium
144,1055390.16,725115.29,53659.3,41971.79,1,2,Tech,330274.8699999999,0.78,2,0.0,High
145,1077964.84,665385.64,46651.97,52322.63,4,1,Finance,412579.20000000007,1.12,4,0.0,High
146,1234546.86,703115.81,72347.95,52700.44,1,2,Tech,531431.05,0.73,3,0.0,High
147,628914.79,480744.98,25986.44,40923.74,4,2,Manufacturing,148169.81000000006,1.57,0,0.0,High
148,603863.02,411989.82,37572.54,40878.26,1,1,Tech,191873.2,1.09,2,0.0,Low
149,1156582.47,1018901.01,48451.18,46893.35,2,0,Finance,137681.45999999996,0.97,9,0.0,Medium
150,1089095.4,530607.73,25352.17,39033.58,1,2,Finance,558487.6699999999,1.54,9,0.0,High
151,1075147.86,501721.53,47362.18,56419.84,3,1,Manufacturing,573426.3300000001,1.19,7,0.0,High
152,1103934.46,269321.98,74922.05,44307.93,4,0,Tech,834612.48,0.59,6,0.0,High
153,795992.58,572207.65,50313.3,18930.12,0,2,Tech,223784.92999999993,0.38,1,0.0,High
154,1069676.11,435382.04,53460.51,44251.78,0,1,Retail,634294.0700000001,0.83,0,0.0,Medium
155,1087921.74,1028403.03,31097.53,37614.56,4,2,Healthcare,59518.70999999996,1.21,2,0.0,High
156,785694.57,901963.42,40754.58,31687.24,2,1,Finance,-116268.8500000001,0.78,4,0.0,High
157,1559732.35,562369.93,44372.05,35625.73,1,1,Retail,997362.42,0.8,9,0.0,Medium
158,1142149.88,1150487.16,45234.27,49094.08,2,2,Finance,-8337.280000000028,1.09,0,0.0,High
159,642608.95,896353.1,69224.66,61286.41,0,2,Retail,-253744.15000000002,0.89,2,0.0,High
160,1196966.08,635033.72,58365.37,51131.84,4,1,Healthcare,561932.3600000001,0.88,2,0.0,High
161,707595.5,200118.86,33328.13,41934.97,4,0,Retail,507476.64,1.26,4,0.0,High
162,1236125.38,1158188.51,53697.57,52559.04,2,2,Finance,77936.86999999988,0.98,2,0.0,High
163,1347578.67,422085.51,57473.33,43409.1,2,1,Tech,925493.1599999999,0.76,8,0.0,High
164,753795.3,370920.25,67102.24,41054.0,1,1,Finance,382875.05000000005,0.61,0,0.0,High
165,1289012.84,904514.09,73708.11,36456.37,3,0,Manufacturing,384498.7500000001,0.49,3,0.0,High
166,1123834.28,1187950.48,34773.59,30481.71,3,0,Manufacturing,-64116.19999999995,0.88,9,0.0,High
167,1246618.05,976854.56,37837.14,44100.76,1,0,Manufacturing,269763.49,1.17,9,0.0,Low
168,1569037.89,812781.82,31136.33,49580.53,3,2,Manufacturing,756256.07,1.59,3,0.0,High
169,926383.57,818950.87,46489.7,47033.76,0,1,Healthcare,107432.69999999995,1.01,0,0.0,Low
170,773879.15,870683.11,56995.38,43840.33,3,1,Tech,-96803.95999999996,0.77,1,0.0,High
171,733145.67,851785.72,64810.02,38542.54,1,1,Tech,-118640.04999999993,0.59,0,0.0,High
172,755256.91,756238.28,48860.73,54082.46,3,0,Finance,-981.3699999999953,1.11,5,0.0,High
173,976869.49,720840.22,45202.29,34828.68,4,1,Retail,256029.27000000002,0.77,2,0.0,High
174,1102345.59,687481.37,52276.37,55760.28,2,2,Finance,414864.2200000001,1.07,6,0.0,High
175,1083007.24,549207.08,37472.86,37977.83,0,0,Finance,533800.16,1.01,4,0.0,Low
176,1248154.97,643864.98,81343.08,40475.65,4,0,Finance,604289.99,0.5,8,0.0,High
177,1003900.57,361408.64,25885.08,33332.15,4,0,Finance,642491.9299999999,1.29,6,0.0,High
178,1436060.22,680332.07,52771.11,42985.98,1,0,Tech,755728.15,0.81,3,0.0,Medium
179,920602.95,502281.78,80354.09,57753.12,2,2,Retail,418321.1699999999,0.72,4,0.0,High
180,1816050.75,479282.14,50102.0,53156.28,2,1,Finance,1336768.6099999999,1.06,4,0.0,Medium
181,1187700.2,735978.83,47149.41,57784.22,0,2,Tech,451721.37,1.23,4,0.0,High
182,742852.73,978400.46,44638.32,53221.43,1,1,Finance,-235547.72999999998,1.19,9,0.0,Low
183,678732.25,883663.32,47294.12,36963.3,0,2,Manufacturing,-204931.06999999995,0.78,8,0.0,High
184,1144741.72,385899.88,70592.73,44692.11,3,0,Finance,758841.84,0.63,9,0.0,High
185,932961.16,502074.37,16822.07,40198.01,4,0,Finance,430886.79000000004,2.39,2,0.0,High
186,1214200.15,888154.24,73001.51,61305.75,0,2,Healthcare,326045.9099999999,0.84,5,0.0,High
187,1141971.29,503502.52,28640.64,36032.11,4,2,Manufacturing,638468.77,1.26,7,0.0,High
188,978151.33,655073.37,46000.22,56936.98,1,1,Retail,323077.95999999996,1.24,8,0.0,Low
189,745961.88,810010.42,43561.33,56929.54,3,2,Finance,-64048.54000000004,1.31,6,0.0,High
190,545545.83,506331.11,58828.3,66296.2,1,2,Retail,39214.71999999997,1.13,2,0.0,High
191,866045.51,721075.1,26028.13,43903.13,3,1,Manufacturing,144970.41000000003,1.69,0,0.0,High
192,1256919.64,433194.9,56932.59,55123.22,3,1,Finance,823724.7399999999,0.97,3,0.0,High
193,1064228.12,579726.47,80364.64,70816.52,4,1,Healthcare,484501.65000000014,0.88,5,0.0,High
194,626278.37,763956.39,29552.39,41823.58,1,2,Tech,-137678.02000000002,1.42,2,0.0,High
195,1051954.28,381401.25,52845.59,32649.6,1,1,Healthcare,670553.03,0.62,0,0.0,High
196,1115595.21,788094.95,40070.27,29199.9,0,0,Healthcare,327500.26,0.73,5,0.0,High
197,734842.77,696072.44,56388.31,55127.12,1,0,Tech,38770.330000000075,0.98,0,0.0,Low
198,1046117.53,810497.99,50287.22,29168.5,0,0,Tech,235619.54000000004,0.58,8,0.0,High
199,1017462.62,744782.83,40377.7,44276.81,2,2,Tech,272679.79000000004,1.1,0,0.0,High
200,657108.91,972828.09,57318.08,52373.13,2,0,Finance,-315719.17999999993,0.91,5,0.0,Medium
201,1107336.21,725044.9,77065.22,49851.76,2,2,Retail,382291.30999999994,0.65,0,0.0,High
202,1168235.36,614118.89,47136.44,52254.45,1,2,Retail,554116.4700000001,1.11,6,0.0,High
203,1324915.37,724459.5,60796.37,50222.9,1,0,Tech,600455.8700000001,0.83,2,0.0,Medium
204,1316140.62,808659.61,30600.91,60788.66,0,1,Healthcare,507481.0100000001,1.99,5,0.0,Low
205,586699.19,709772.01,35653.45,38476.84,3,2,Manufacturing,-123072.82000000007,1.08,6,0.0,High
206,718652.49,708118.34,57086.09,41230.05,0,0,Tech,10534.150000000023,0.72,0,0.0,High
207,1154510.58,559601.66,72261.74,40273.41,2,2,Healthcare,594908.92,0.56,0,0.0,High
208,1154135.79,567419.82,55334.2,56301.92,0,1,Healthcare,586715.9700000001,1.02,4,0.0,Low
209,1154514.31,419478.95,45304.13,57003.99,3,1,Finance,735035.3600000001,1.26,5,0.0,High
210,2155819.45,1049915.35,49989.37,52512.25,1,0,Finance,1105904.1,1.05,8,0.0,Low
211,1171267.15,451227.35,31243.88,59834.94,0,2,Retail,720039.7999999999,1.92,0,0.0,High
212,1340669.69,561418.96,59067.73,36219.59,2,2,Retail,779250.73,0.61,3,0.0,High
213,1286200.53,556318.55,63235.0,64672.24,2,2,Manufacturing,729881.98,1.02,9,0.0,High
214,1195417.38,878984.88,43218.65,63232.39,1,2,Manufacturing,316432.4999999999,1.46,7,0.0,High
215,905419.23,641010.06,42949.37,55356.22,0,0,Manufacturing,264409.1699999999,1.29,9,0.0,Low
216,1227690.77,949548.41,53988.17,65817.99,3,1,Manufacturing,278142.36,1.22,8,0.0,High
217,768152.44,565301.88,43449.2,31433.77,1,0,Healthcare,202850.55999999994,0.72,2,0.0,High
218,928954.42,755798.83,49008.01,42755.52,0,2,Healthcare,173155.59000000008,0.87,1,0.0,High
219,854390.94,532930.59,81495.83,40646.97,4,2,Retail,321460.35,0.5,3,0.0,High
220,1024562.24,1129029.83,46294.61,55214.79,2,1,Finance,-104467.59000000008,1.19,1,0.0,Medium
221,1694397.57,462480.32,44624.9,37498.59,3,2,Finance,1231917.25,0.84,0,0.0,High
222,439820.44,761964.14,40286.87,55574.95,3,0,Tech,-322143.7,1.38,2,0.0,High
223,1205878.06,826755.38,61162.88,61705.36,3,0,Healthcare,379122.68000000005,1.01,6,0.0,High
224,516185.24,782759.82,47281.64,54952.03,2,1,Manufacturing,-266574.57999999996,1.16,0,0.0,Medium
225,858420.44,662942.47,40259.4,50837.51,0,0,Manufacturing,195477.96999999997,1.26,1,0.0,Low
226,1326685.18,674035.86,69819.56,38121.27,1,0,Tech,652649.32,0.55,0,0.0,High
227,1019284.01,708762.29,71294.05,39531.49,0,0,Finance,310521.72,0.55,7,0.0,High
228,676676.57,670599.6,40993.65,60496.19,1,0,Manufacturing,6076.969999999972,1.48,4,0.0,Low
229,785408.89,892775.82,22001.9,55793.49,3,2,Finance,-107366.92999999993,2.54,7,0.0,High
230,1203879.32,1142104.6,65112.71,47609.8,0,0,Tech,61774.71999999997,0.73,2,0.0,High
231,780890.01,588501.64,39730.55,43820.9,3,1,Finance,192388.37,1.1,6,0.0,High
232,1064937.58,426039.4,61859.38,27741.92,4,1,Finance,638898.18,0.45,7,0.0,High
233,1013671.55,682343.59,20448.44,37291.48,3,0,Finance,331327.9600000001,1.82,5,0.0,High
234,804519.9,1215941.87,63388.96,67114.19,3,1,Manufacturing,-411421.9700000001,1.06,6,0.0,High
235,1643183.23,539265.09,31832.42,35195.44,1,0,Retail,1103918.1400000001,1.11,1,0.0,Low
236,1190175.71,1027823.36,60961.46,49894.8,4,1,Healthcare,162352.34999999998,0.82,7,0.0,High
237,392457.22,1035540.16,50214.1,58074.44,3,1,Finance,-643082.9400000001,1.16,4,0.0,High
238,1055936.29,589282.35,35690.91,35450.77,3,0,Finance,466653.94000000006,0.99,6,0.0,High
239,801464.06,813796.62,43894.46,49847.1,4,0,Finance,-12332.55999999994,1.14,0,0.0,High
240,1255730.0,1025679.32,60294.78,57379.16,4,2,Retail,230050.68000000005,0.95,4,0.0,High
241,762243.78,624174.45,51588.42,48124.99,0,0,Tech,138069.33000000007,0.93,0,0.0,Low
242,965579.07,659283.93,58766.19,76684.03,1,0,Manufacturing,306295.1399999999,1.3,7,0.0,Low
243,1151496.18,583663.82,79646.61,31314.01,4,2,Retail,567832.36,0.39,3,0.0,High
244,1259726.56,497048.65,26536.38,58587.29,4,0,Finance,762677.91,2.21,3,0.0,High
245,639911.08,570144.49,74258.19,46271.98,2,0,Retail,69766.58999999997,0.62,1,0.0,High
246,899649.63,455211.95,51565.34,55719.2,4,2,Retail,444437.68,1.08,4,0.0,High
247,857516.41,706816.69,36518.24,52413.07,1,0,Retail,150699.7200000001,1.44,0,0.0,Low
248,804001.23,546005.35,30045.3,40668.44,3,0,Tech,257995.88,1.35,8,0.0,High
249,1529636.27,746757.18,47163.19,50289.96,3,2,Healthcare,782879.09,1.07,4,0.0,High
250,1121494.51,388820.87,63824.75,29420.99,3,2,Manufacturing,732673.64,0.46,5,0.0,High
251,621734.81,766176.05,48086.76,54032.48,3,1,Tech,-144441.24,1.12,1,0.0,High
252,1275358.58,866705.79,72667.32,50981.58,2,0,Tech,408652.79000000004,0.7,9,0.0,High
253,1636646.86,301252.87,28232.36,54386.6,4,1,Healthcare,1335393.9900000002,1.93,9,0.0,High
254,1309739.58,774811.31,49818.67,58581.18,3,1,Tech,534928.27,1.18,0,0.0,High
255,544189.01,945533.8,31214.1,51676.2,0,2,Retail,-401344.79000000004,1.66,3,0.0,High
256,854729.78,458071.8,55454.48,49480.89,3,0,Retail,396657.98000000004,0.89,6,0.0,High
257,1380073.34,1034514.48,63303.31,39189.32,4,0,Finance,345558.8600000001,0.62,5,0.0,High
258,787699.16,783803.8,43688.57,40877.79,3,2,Tech,3895.359999999986,0.94,9,0.0,High
259,1133145.83,558997.63,10936.79,59867.35,2,1,Finance,574148.2000000001,5.47,0,0.0,Medium
260,1232390.22,688846.18,52984.22,62363.35,1,2,Manufacturing,543544.0399999999,1.18,0,0.0,High
261,721920.86,811665.38,56551.08,45618.9,1,0,Retail,-89744.52000000002,0.81,7,0.0,Medium
262,982142.39,715201.08,56064.42,48460.03,4,2,Manufacturing,266941.31000000006,0.86,3,0.0,High
263,27619.8,807751.2,68536.73,38953.86,1,0,Healthcare,-780131.3999999999,0.57,4,0.0,High
264,692683.71,515865.28,33934.19,59727.57,1,1,Retail,176818.42999999993,1.76,6,0.0,Low
265,924229.55,733872.16,60203.24,54654.17,0,0,Manufacturing,190357.39,0.91,7,0.0,Low
266,625665.05,417257.1,67887.61,67412.17,4,1,Healthcare,208407.95000000007,0.99,9,0.0,High
267,1489723.39,677754.79,23321.19,39216.77,4,1,Manufacturing,811968.5999999999,1.68,6,0.0,High
268,570957.59,519218.47,54794.78,44219.92,1,0,Healthcare,51739.119999999995,0.81,1,0.0,Medium
269,867986.65,552894.01,42437.3,50314.46,1,0,Healthcare,315092.64,1.19,3,0.0,Low
270,1039222.17,947218.64,48777.16,54464.9,1,1,Retail,92003.53000000003,1.12,9,0.0,Low
271,1432381.99,918262.02,55215.15,45843.32,2,2,Finance,514119.97,0.83,0,0.0,High
272,569241.35,821827.62,42691.57,39270.39,3,0,Healthcare,-252586.27000000002,0.92,9,0.0,High
273,1348949.13,481537.45,39864.38,56814.08,2,1,Healthcare,867411.6799999999,1.43,8,0.0,Medium
274,1003069.92,636718.31,50512.29,55211.35,4,1,Retail,366351.61,1.09,2,0.0,High
275,705547.4,942619.54,33691.31,38837.26,0,2,Finance,-237072.14,1.15,2,0.0,High
276,1138631.04,728343.38,33712.62,61554.43,3,0,Tech,410287.66000000003,1.83,9,0.0,High
277,1059717.91,1163865.91,60190.6,59701.99,0,1,Tech,-104148.0,0.99,8,0.0,Low
278,819934.94,778663.57,32768.09,49342.96,4,2,Finance,41271.369999999995,1.51,9,0.0,High
279,1020940.63,738409.82,59994.69,48795.98,4,1,Manufacturing,282530.81000000006,0.81,2,0.0,High
280,884405.92,638176.71,56938.87,53540.58,0,0,Retail,246229.21000000008,0.94,7,0.0,Low
281,1034055.2,726708.18,24112.9,39382.97,0,2,Finance,307347.0199999999,1.63,1,0.0,High
282,1198639.2,669506.03,39836.53,48300.31,0,1,Tech,529133.1699999999,1.21,2,0.0,Low
283,1475805.04,841621.74,67911.64,26476.16,4,2,Healthcare,634183.3,0.39,1,0.0,High
284,628655.35,891340.46,35282.52,56764.56,1,0,Tech,-262685.11,1.61,0,0.0,Low
285,1639910.01,542802.11,43033.94,32385.07,0,2,Healthcare,1097107.9,0.75,1,0.0,High
286,414373.66,433753.41,56930.91,63034.2,3,0,Retail,-19379.75,1.11,7,0.0,High
287,954464.47,332758.93,61750.86,44698.8,4,1,Healthcare,621705.54,0.72,8,0.0,High
288,1176495.16,801598.27,46226.92,45883.33,2,0,Finance,374896.8899999999,0.99,1,0.0,Medium
289,1084297.56,479326.68,41037.35,41722.66,2,1,Healthcare,604970.8800000001,1.02,6,0.0,Medium
290,813190.14,269421.88,71335.55,45119.61,3,1,Manufacturing,543768.26,0.63,4,0.0,High
291,937563.32,777715.72,76083.49,62185.31,1,0,Finance,159847.59999999998,0.82,2,0.0,Medium
292,852099.72,1198599.9,64682.87,23121.91,0,1,Retail,-346500.17999999993,0.36,8,0.0,High
293,823190.57,698785.82,51279.77,60769.65,4,2,Finance,124404.75,1.19,5,0.0,High
294,1254880.63,867698.15,37876.01,51380.23,0,1,Manufacturing,387182.47999999986,1.36,0,0.0,Low
295,1107104.65,716365.87,37543.33,35929.78,4,0,Retail,390738.7799999999,0.96,4,0.0,High
296,792127.12,680222.07,57837.71,37246.88,2,2,Tech,111905.05000000005,0.64,6,0.0,High
297,1269879.96,883815.3,56275.97,64763.93,0,2,Manufacturing,386064.6599999999,1.15,3,0.0,High
298,1092189.86,641945.09,71023.98,38544.93,3,1,Retail,450244.77000000014,0.54,7,0.0,High
299,1243858.64,753478.46,59756.75,36466.49,1,1,Healthcare,490380.17999999993,0.61,9,0.0,High
300,1188888.65,764339.56,27453.8,59373.15,3,0,Finance,424549.08999999985,2.16,4,0.0,High
301,751301.5,566381.91,65779.21,51385.53,1,2,Retail,184919.58999999997,0.78,8,0.0,High
302,831945.69,898408.47,35029.09,38620.74,0,0,Finance,-66462.78000000003,1.1,8,0.0,Low
303,1224188.08,665008.05,44240.43,50166.25,0,1,Healthcare,559180.03,1.13,8,0.0,Low
304,1183111.08,548850.97,53753.0,37742.47,1,2,Retail,634260.1100000001,0.7,0,0.0,High
305,993729.52,807301.97,79935.01,59008.21,2,0,Tech,186427.55000000005,0.74,1,0.0,High
306,1035198.21,520306.4,96648.78,58613.71,4,0,Manufacturing,514891.80999999994,0.61,2,0.0,High
307,1383299.47,705636.23,59100.85,53320.06,3,0,Retail,677663.24,0.9,3,0.0,High
308,822528.58,698176.2,47252.05,51616.61,3,0,Healthcare,124352.38,1.09,9,0.0,High
309,1164129.21,917179.11,58017.58,65611.88,3,0,Retail,246950.09999999998,1.13,8,0.0,High
310,939342.2,794939.65,63314.83,47996.86,0,2,Finance,144402.54999999993,0.76,9,0.0,High
311,934695.64,694994.61,45189.99,36181.26,3,0,Retail,239701.03000000003,0.8,5,0.0,High
312,1329633.06,863553.26,76928.17,52494.74,4,2,Tech,466079.80000000005,0.68,0,0.0,High
313,1247624.9,978041.51,53451.06,68860.47,4,0,Retail,269583.3899999999,1.29,8,0.0,High
314,1244052.89,811562.06,57466.15,37852.41,1,1,Manufacturing,432490.82999999984,0.66,5,0.0,High
315,1391643.64,702070.52,59988.86,44385.37,0,1,Retail,689573.1199999999,0.74,3,0.0,High
316,1006301.15,437632.75,56323.8,52164.46,4,0,Finance,568668.4,0.93,3,0.0,High
317,1204585.89,486977.27,62584.11,47460.95,2,1,Retail,717608.6199999999,0.76,2,0.0,High
318,906919.97,638955.06,40741.2,38176.96,0,2,Tech,267964.9099999999,0.94,6,0.0,High
319,1097249.91,578097.56,41625.47,59218.58,0,0,Healthcare,519152.34999999986,1.42,2,0.0,Low
320,960957.08,662605.74,33497.69,71200.41,4,2,Retail,298351.33999999997,2.13,1,0.0,High
321,1029098.79,711329.98,56592.52,49961.31,2,0,Retail,317768.81000000006,0.88,9,0.0,Medium
322,1178547.11,805938.55,61684.05,38959.32,1,1,Manufacturing,372608.56000000006,0.63,7,0.0,High
323,754533.8,685900.24,56866.59,32510.39,4,2,Tech,68633.56000000006,0.57,3,0.0,High
324,1627716.18,797300.33,75117.39,50579.76,2,1,Healthcare,830415.85,0.67,7,0.0,High
325,698194.79,712894.88,49916.06,59038.77,0,1,Finance,-14700.089999999967,1.18,0,0.0,Low
326,635743.42,304906.69,60031.12,52751.68,2,0,Retail,330836.73000000004,0.88,4,0.0,Medium
327,1347433.26,512132.92,33624.49,47975.96,0,2,Healthcare,835300.3400000001,1.43,8,0.0,High
328,1237498.81,671182.49,44193.5,42107.28,4,1,Finance,566316.3200000001,0.95,0,0.0,High
329,1187235.95,458061.05,60433.07,37078.36,4,0,Tech,729174.8999999999,0.61,3,0.0,High
330,1188503.65,819985.75,62736.53,56347.51,3,0,Tech,368517.8999999999,0.9,5,0.0,High
331,996325.97,1006150.17,45590.5,57137.72,3,0,Healthcare,-9824.20000000007,1.25,9,0.0,High
332,730823.69,943752.37,48926.01,32542.7,3,1,Finance,-212928.68000000005,0.67,7,0.0,High
333,1022741.37,657311.43,27231.89,63898.39,4,0,Tech,365429.93999999994,2.35,2,0.0,High
334,796851.49,998145.23,44644.56,53740.71,1,2,Healthcare,-201293.74,1.2,4,0.0,High
335,1292535.92,729733.49,63355.75,61995.95,4,2,Tech,562802.4299999999,0.98,6,0.0,High
336,955882.79,632582.81,58628.08,34578.72,2,1,Tech,323299.98,0.59,0,0.0,High
337,752350.84,577319.47,57509.99,34341.76,4,2,Tech,175031.37,0.6,6,0.0,High
338,903584.25,639506.06,50746.61,46510.31,4,0,Manufacturing,264078.18999999994,0.92,7,0.0,High
339,1123879.44,622364.64,50105.95,53027.84,0,1,Finance,501514.79999999993,1.06,7,0.0,Low
340,830882.63,734083.24,40095.18,65963.61,0,0,Healthcare,96799.39000000001,1.65,8,0.0,Low
341,753333.88,732114.8,60482.43,55060.79,0,1,Healthcare,21219.079999999958,0.91,5,0.0,Low
342,1073106.16,700609.2,56314.59,45573.19,4,1,Finance,372496.95999999996,0.81,5,0.0,High
343,1073489.97,787387.63,57380.28,37736.31,1,0,Finance,286102.33999999997,0.66,1,0.0,High
344,847917.05,938129.25,42109.48,60300.01,2,2,Finance,-90212.19999999995,1.43,2,0.0,High
345,858688.51,889910.83,17699.86,38352.95,2,2,Finance,-31222.31999999995,2.17,3,0.0,High
346,1069614.98,403020.41,66457.29,64284.69,1,1,Retail,666594.5700000001,0.97,3,0.0,Low
347,565574.7,189215.77,42817.44,45156.15,1,0,Healthcare,376358.92999999993,1.05,7,0.0,Low
348,577760.87,886863.98,37058.36,63905.82,2,0,Retail,-309103.11,1.72,0,0.0,Medium
349,784466.73,426624.26,60402.18,54789.31,3,1,Tech,357842.47,0.91,9,0.0,High
350,935965.85,655046.92,44119.81,46630.05,0,2,Tech,280918.92999999993,1.06,3,0.0,High
351,1093272.27,465977.39,65899.05,42806.04,0,0,Healthcare,627294.88,0.65,3,0.0,High
352,1442606.87,339603.91,59255.09,44590.92,2,2,Tech,1103002.9600000002,0.75,0,0.0,High
353,1257297.89,808292.55,60253.54,52283.17,1,2,Finance,449005.33999999985,0.87,2,0.0,High
354,952018.44,851831.03,29510.66,48771.56,3,1,Retail,100187.40999999992,1.65,4,0.0,High
355,994295.14,584697.92,68179.16,42061.89,2,1,Finance,409597.22,0.62,5,0.0,High
356,699241.19,181791.54,53918.76,46343.69,0,2,Tech,517449.6499999999,0.86,8,0.0,High
357,994446.06,590751.11,44460.84,48785.77,4,0,Retail,403694.95000000007,1.1,8,0.0,High
358,913402.41,778360.8,52150.83,26712.66,1,0,Finance,135041.61,0.51,8,0.0,High
359,1096815.57,404217.69,23356.47,52581.68,4,1,Healthcare,692597.8800000001,2.25,0,0.0,High
360,751830.72,736671.98,56129.79,38202.79,2,2,Finance,15158.73999999999,0.68,8,0.0,High
361,1155803.95,696938.03,34559.43,36466.68,0,0,Tech,458865.9199999999,1.06,7,0.0,Low
362,1459821.67,815858.3,29709.95,31126.56,3,0,Retail,643963.3699999999,1.05,1,0.0,High
363,967371.96,723916.07,27164.61,30061.08,4,1,Healthcare,243455.89,1.11,0,0.0,High
364,1120513.52,505386.21,66690.33,34445.52,3,2,Retail,615127.31,0.52,0,0.0,High
365,1207043.2,939314.3,40561.05,40909.79,0,0,Healthcare,267728.8999999999,1.01,5,0.0,Low
366,879633.86,668294.09,73005.92,67532.59,4,1,Retail,211339.77000000002,0.93,8,0.0,High
367,1067227.74,694539.09,41962.98,42741.2,3,0,Tech,372688.65,1.02,6,0.0,High
368,1003777.72,513346.41,24389.63,49777.5,3,0,Healthcare,490431.31,2.04,4,0.0,High
369,1029302.83,611343.55,33252.13,52004.81,4,0,Manufacturing,417959.2799999999,1.56,1,0.0,High
370,768097.06,523039.46,68537.17,49310.65,0,1,Retail,245057.60000000003,0.72,0,0.0,High
371,1007353.05,665410.79,47661.53,47225.57,3,2,Retail,341942.26,0.99,1,0.0,High
372,1149399.49,1042341.7,41775.69,36047.06,2,1,Finance,107057.79000000004,0.86,0,0.0,Medium
373,1435343.08,425619.77,52400.27,62509.28,4,2,Healthcare,1009723.31,1.19,2,0.0,High
374,1287781.25,377287.72,57526.74,66071.97,1,0,Manufacturing,910493.53,1.15,5,0.0,Low
375,1645954.74,994234.07,66760.98,31173.41,1,2,Tech,651720.67,0.47,7,0.0,High
376,769795.73,658135.26,71727.49,37759.71,0,0,Finance,111660.46999999997,0.53,2,0.0,High
377,1261696.19,566185.45,44603.47,45201.9,2,0,Manufacturing,695510.74,1.01,9,0.0,Medium
378,1055002.6,907980.94,30109.28,38354.62,3,1,Healthcare,147021.66000000015,1.27,8,0.0,High
379,1656940.88,578876.89,43798.02,53059.66,1,0,Manufacturing,1078063.9899999998,1.21,9,0.0,Low
380,757510.51,1065201.94,53904.21,40717.28,0,1,Retail,-307691.42999999993,0.76,4,0.0,High
381,748083.45,835585.17,35543.62,69650.56,2,2,Retail,-87501.72000000009,1.96,6,0.0,High
382,820182.21,602417.72,35642.74,59905.49,2,2,Finance,217764.49,1.68,7,0.0,High
383,362831.28,1131461.64,55156.82,50125.74,0,0,Healthcare,-768630.3599999999,0.91,2,0.0,Low
384,842273.49,578857.02,49270.21,58269.86,0,1,Healthcare,263416.47,1.18,1,0.0,Low
385,772260.2,848419.07,50491.95,59059.0,3,0,Manufacturing,-76158.87,1.17,1,0.0,High
386,1045118.14,759858.52,38622.57,42360.53,0,1,Finance,285259.62,1.1,4,0.0,Low
387,1102526.79,960348.26,46543.99,39837.83,3,1,Healthcare,142178.53000000003,0.86,0,0.0,High
388,1562851.25,1012302.24,36136.5,48781.43,3,1,Retail,550549.01,1.35,1,0.0,High
389,1285127.15,706400.83,63352.98,56616.36,4,2,Manufacturing,578726.32,0.89,8,0.0,High
390,826928.9,549316.43,65528.74,49390.6,2,1,Tech,277612.47,0.75,6,0.0,High
391,730475.6,791994.43,22307.18,32230.04,2,2,Retail,-61518.830000000075,1.44,5,0.0,High
392,1147575.75,564456.93,36057.34,39971.76,2,1,Finance,583118.82,1.11,8,0.0,Medium
393,603930.04,1102677.45,27552.06,47260.27,4,2,Healthcare,-498747.4099999999,1.72,6,0.0,High
394,1549437.63,727307.07,40249.64,47243.34,3,2,Retail,822130.5599999999,1.17,4,0.0,High
395,1353832.04,626935.69,48748.43,67725.42,3,2,Tech,726896.3500000001,1.39,8,0.0,High
396,859247.3,736936.06,28255.32,34140.12,0,0,Tech,122311.23999999999,1.21,5,0.0,Low
397,486059.64,430574.74,36172.1,53055.89,4,1,Finance,55484.90000000002,1.47,5,0.0,High
398,1406161.71,505677.19,34940.64,62891.13,0,0,Retail,900484.52,1.8,3,0.0,Low
399,965638.05,940082.78,53109.01,70714.5,4,1,Manufacturing,25555.27000000002,1.33,0,0.0,High
400,1371344.89,568621.14,51040.17,43956.03,0,1,Retail,802723.7499999999,0.86,4,0.0,Medium
401,521671.7,490617.8,39173.94,52914.29,1,0,Tech,31053.900000000023,1.35,8,0.0,Low
402,820187.49,807330.55,52652.31,53697.6,2,2,Finance,12856.939999999944,1.02,7,0.0,High
403,1001573.11,937140.83,41799.8,49954.82,2,1,Finance,64432.28000000003,1.2,7,0.0,Medium
404,1014094.18,843790.66,45925.17,47011.55,3,2,Manufacturing,170303.52000000002,1.02,4,0.0,High
405,864980.36,899209.54,75101.78,52359.75,1,0,Finance,-34229.18000000005,0.7,8,0.0,High
406,1186854.98,548640.98,70106.92,22677.54,2,2,Finance,638214.0,0.32,2,0.0,High
407,679713.87,415637.87,30506.28,54820.69,3,1,Finance,264076.0,1.8,2,0.0,High
408,957286.15,1000266.73,62445.99,49261.78,1,1,Finance,-42980.57999999996,0.79,0,0.0,High
409,1036088.69,635464.03,62170.95,45775.25,2,1,Finance,400624.6599999999,0.74,8,0.0,High
410,1154331.65,649833.4,32776.05,68468.62,0,0,Tech,504498.2499999999,2.09,5,0.0,Low
411,1213484.46,965638.83,62281.66,41250.66,4,1,Retail,247845.63,0.66,1,0.0,High
412,662607.37,811246.0,73068.98,43969.24,1,0,Healthcare,-148638.63,0.6,7,0.0,High
413,539765.75,791177.55,33161.83,67915.53,3,2,Finance,-251411.80000000005,2.05,8,0.0,High
414,1383303.05,1133000.47,36237.46,39679.39,1,1,Healthcare,250302.58000000007,1.09,8,0.0,Low
415,1099694.2,571296.35,65264.92,42498.85,3,1,Healthcare,528397.85,0.65,1,0.0,High
416,775454.04,885568.03,54072.43,46529.75,1,1,Tech,-110113.98999999999,0.86,1,0.0,Medium
417,1465345.59,711402.62,58272.14,56407.34,3,2,Finance,753942.9700000001,0.97,6,0.0,High
418,1034702.39,753718.46,55108.84,50078.03,2,1,Healthcare,280983.93000000005,0.91,3,0.0,Medium
419,1353789.16,1005693.69,55860.44,35073.75,0,0,Finance,348095.47,0.63,0,0.0,High
420,1020255.54,801567.15,30102.92,42678.31,2,2,Manufacturing,218688.39,1.42,7,0.0,High
421,1618224.38,807659.22,65709.77,41926.46,0,2,Manufacturing,810565.1599999999,0.64,1,0.0,High
422,1526602.25,914501.47,67543.85,47227.79,2,2,Manufacturing,612100.78,0.7,2,0.0,High
423,925310.76,627009.45,46559.14,52258.44,2,2,Healthcare,298301.31000000006,1.12,4,0.0,High
424,1291471.29,532158.07,49347.85,52182.06,1,2,Manufacturing,759313.2200000001,1.06,2,0.0,High
425,1193612.78,491038.16,27033.39,30239.88,4,0,Tech,702574.6200000001,1.12,6,0.0,High
426,1410589.47,306728.68,57713.82,58639.41,3,2,Tech,1103860.79,1.02,6,0.0,High
427,710522.96,1111241.43,58580.86,50525.69,3,1,Healthcare,-400718.47,0.86,1,0.0,High
428,1205815.44,479358.33,49067.13,61845.32,3,2,Finance,726457.1099999999,1.26,6,0.0,High
429,1317527.35,655749.28,66865.3,52441.98,0,2,Retail,661778.0700000001,0.78,5,0.0,High
430,472378.15,644637.34,44988.84,59013.23,3,2,Finance,-172259.18999999994,1.31,9,0.0,High
431,645022.45,761481.34,58469.09,52665.45,3,2,Finance,-116458.89000000001,0.9,8,0.0,High
432,388230.35,863147.44,34705.03,61462.26,1,2,Finance,-474917.08999999997,1.77,8,0.0,High
433,919177.95,872094.7,49646.72,53222.51,2,0,Finance,47083.25,1.07,1,0.0,Medium
434,1215262.68,583384.51,47384.69,47020.85,3,0,Retail,631878.1699999999,0.99,6,0.0,High
435,1450707.12,666575.66,53379.62,70724.35,4,2,Manufacturing,784131.4600000001,1.32,4,0.0,High
436,1022228.43,756515.99,44457.1,56890.37,3,0,Finance,265712.44000000006,1.28,5,0.0,High
437,1488584.66,650261.77,48027.91,53737.44,0,1,Tech,838322.8899999999,1.12,0,0.0,Low
438,585969.56,1021469.12,62390.71,35236.96,0,2,Healthcare,-435499.55999999994,0.56,6,0.0,High
439,488985.27,798194.99,43448.54,35116.92,0,1,Healthcare,-309209.72,0.81,5,0.0,Medium
440,983335.69,846975.56,25901.34,50927.15,3,1,Tech,136360.1299999999,1.97,3,0.0,High
441,1115219.63,832576.25,76243.76,49455.21,1,2,Finance,282643.3799999999,0.65,0,0.0,High
442,990191.58,934694.77,70721.81,41858.77,4,1,Retail,55496.80999999994,0.59,8,0.0,High
443,379767.37,736204.31,30616.06,49409.83,3,1,Manufacturing,-356436.94000000006,1.61,3,0.0,High
444,973263.99,440633.61,60345.62,63886.27,1,1,Healthcare,532630.38,1.06,1,0.0,Low
445,608659.15,779937.59,42455.38,54954.02,1,2,Manufacturing,-171278.43999999994,1.29,7,0.0,High
446,1200901.76,569728.62,53952.31,36589.91,3,2,Retail,631173.14,0.68,1,0.0,High
447,1109979.47,594276.66,54413.36,46884.91,3,1,Healthcare,515702.80999999994,0.86,4,0.0,High
448,718036.06,817272.8,46483.88,39950.34,1,2,Manufacturing,-99236.73999999999,0.86,5,0.0,High
449,845839.92,947656.61,38243.52,44123.0,1,2,Retail,-101816.68999999994,1.15,7,0.0,High
450,682235.94,704254.32,39641.88,43863.84,1,1,Manufacturing,-22018.380000000005,1.11,0,0.0,Low
451,981196.27,761766.6,36257.12,43223.54,3,2,Finance,219429.67000000004,1.19,0,0.0,High
452,1286542.7,1040442.99,37522.67,35448.65,1,0,Retail,246099.70999999996,0.94,3,0.0,Low
453,704282.19,748150.64,48992.33,46723.45,0,2,Manufacturing,-43868.45000000007,0.95,4,0.0,High
454,1151213.95,1220336.62,39263.6,42393.92,3,0,Finance,-69122.67000000016,1.08,8,0.0,High
455,840922.71,813101.93,60230.78,18705.51,0,1,Finance,27820.77999999991,0.31,6,0.0,High
456,762138.15,347847.45,72308.69,68529.72,2,2,Retail,414290.7,0.95,6,0.0,High
457,967890.89,850668.32,41299.2,58887.7,3,1,Tech,117222.57000000007,1.43,7,0.0,High
458,689427.3,776231.68,53591.07,44236.99,2,1,Healthcare,-86804.38,0.83,4,0.0,Medium
459,833905.21,957950.55,57495.28,48188.19,1,1,Retail,-124045.34000000008,0.84,4,0.0,Medium
460,640636.63,834636.27,57080.03,36283.46,1,1,Finance,-193999.64,0.64,0,0.0,High
461,1589417.54,672308.8,51139.33,64957.23,4,1,Finance,917108.74,1.27,8,0.0,High
462,1010579.07,455140.35,61140.24,66972.89,1,2,Retail,555438.72,1.1,5,0.0,High
463,790082.35,658195.35,57233.73,49566.94,2,0,Tech,131887.0,0.87,8,0.0,Medium
464,1064193.97,529895.91,31435.06,58235.31,1,2,Healthcare,534298.0599999999,1.85,2,0.0,High
465,966301.59,583895.31,63037.34,49752.87,3,2,Manufacturing,382406.2799999999,0.79,4,0.0,High
466,933709.12,817715.68,63309.36,34632.75,1,2,Retail,115993.43999999994,0.55,1,0.0,High
467,1184250.01,1033980.9,38550.71,43881.77,4,2,Healthcare,150269.11,1.14,9,0.0,High
468,1227252.31,778934.31,50569.07,49319.28,1,0,Healthcare,448318.0,0.98,4,0.0,Low
469,840849.66,460823.39,60249.93,43454.52,2,2,Finance,380026.27,0.72,7,0.0,High
470,827254.53,788920.53,46860.29,45813.47,2,1,Manufacturing,38334.0,0.98,1,0.0,Medium
471,917484.49,939326.3,66094.67,47086.0,1,2,Retail,-21841.810000000056,0.71,7,0.0,High
472,309423.65,578043.42,85458.09,47191.22,2,2,Finance,-268619.77,0.55,3,0.0,High
473,545442.68,673196.57,38210.21,48522.58,2,0,Finance,-127753.8899999999,1.27,9,0.0,Medium
474,1410062.28,702937.64,29284.33,37393.95,4,0,Tech,707124.64,1.28,9,0.0,High
475,1493490.31,543020.34,54557.28,40829.84,3,1,Healthcare,950469.9700000001,0.75,0,0.0,High
476,925289.19,829656.09,60823.44,35154.16,4,2,Retail,95633.09999999998,0.58,4,0.0,High
477,1172967.09,675810.37,46537.0,57778.16,0,2,Retail,497156.7200000001,1.24,0,0.0,High
478,1093375.05,783906.49,71798.91,26943.53,4,2,Retail,309468.56000000006,0.38,6,0.0,High
479,1923664.24,522501.56,29920.91,59535.9,1,1,Finance,1401162.68,1.99,7,0.0,Low
480,1335872.47,612508.34,60393.78,61863.49,3,0,Tech,723364.13,1.02,2,0.0,High
481,961624.72,844476.27,40912.09,44978.19,1,1,Manufacturing,117148.44999999995,1.1,2,0.0,Low
482,713337.87,625433.37,75790.67,21968.63,0,2,Finance,87904.5,0.29,6,0.0,High
483,518066.1,1045392.77,79887.73,44386.89,3,0,Manufacturing,-527326.67,0.56,3,0.0,High
484,1061039.09,620072.76,38500.15,47358.16,2,0,Tech,440966.3300000001,1.23,2,0.0,Medium
485,773094.78,744936.95,41756.64,37894.02,4,1,Healthcare,28157.830000000075,0.91,7,0.0,High
486,573323.89,886518.17,62893.82,42847.82,1,0,Retail,-313194.28,0.68,2,0.0,High
487,806028.13,416326.85,44193.04,63301.95,0,0,Manufacturing,389701.28,1.43,6,0.0,Low
488,675535.6,347838.24,49318.83,54649.27,2,2,Finance,327697.36,1.11,1,0.0,High
489,1506142.49,394868.74,50380.83,38754.36,4,2,Manufacturing,1111273.75,0.77,0,0.0,High
490,1264491.93,952516.82,21204.9,32024.01,2,0,Healthcare,311975.11,1.51,5,0.0,Medium
491,997608.21,589628.37,49792.43,44729.83,4,0,Retail,407979.83999999997,0.9,7,0.0,High
492,1443983.24,1211639.86,39654.08,45865.43,3,1,Manufacturing,232343.3799999999,1.16,0,0.0,High
493,1023210.49,587150.48,42603.16,52961.99,2,1,Healthcare,436060.01,1.24,9,0.0,Medium
494,741614.74,736910.26,71654.48,42646.83,2,0,Finance,4704.479999999981,0.6,8,0.0,High
495,1456937.22,1008421.99,31152.4,53115.0,2,2,Tech,448515.23,1.71,2,0.0,High
496,1161673.01,1101218.58,62198.08,67351.54,3,0,Finance,60454.429999999935,1.08,2,0.0,High
497,688826.15,1112300.72,45815.56,56155.01,0,0,Retail,-423474.56999999995,1.23,3,0.0,Low
498,942898.4,941673.25,45803.6,47519.11,4,2,Finance,1225.1500000000233,1.04,0,0.0,High
499,737314.52,904812.51,61855.58,46168.5,2,2,Finance,-167497.99,0.75,8,0.0,High
500,585160.08,818505.39,55100.77,44433.27,3,1,Finance,-233345.31000000006,0.81,2,0.0,High
501,1277853.26,855672.22,58559.19,59806.41,0,1,Finance,422181.04000000004,1.02,9,0.0,Low
502,1572824.99,589762.86,64522.77,41726.87,4,1,Retail,983062.13,0.65,3,0.0,High
503,580429.73,536360.22,45030.37,48452.23,3,1,Healthcare,44069.51000000001,1.08,0,0.0,High
504,1168890.77,699325.11,40816.45,48511.98,4,2,Manufacturing,469565.66000000003,1.19,3,0.0,High
505,804807.23,665963.08,33722.74,42982.16,2,0,Tech,138844.15000000002,1.27,0,0.0,Medium
506,853862.38,609354.39,37618.84,34275.34,0,1,Manufacturing,244507.99,0.91,4,0.0,Low
507,822281.82,839277.49,94236.42,51229.75,3,1,Manufacturing,-16995.670000000042,0.54,4,0.0,High
508,740802.77,891061.04,68670.19,47389.96,0,2,Tech,-150258.27000000002,0.69,6,0.0,High
509,1014556.49,717681.38,29733.88,53002.4,2,2,Retail,296875.11,1.78,7,0.0,High
510,750714.97,995506.02,30163.13,42664.0,0,0,Tech,-244791.05000000005,1.41,3,0.0,Low
511,1081137.05,471662.18,57227.99,60208.21,0,0,Retail,609474.8700000001,1.05,6,0.0,Low
512,984928.57,661268.11,58208.97,39232.26,1,2,Manufacturing,323660.45999999996,0.67,3,0.0,High
513,928315.59,556635.54,58233.26,65120.4,0,1,Retail,371680.04999999993,1.12,2,0.0,Low
514,727730.9,326692.68,46175.66,30523.63,4,1,Healthcare,401038.22000000003,0.66,5,0.0,High
515,826968.6,683463.86,48118.19,52347.7,3,1,Tech,143504.74,1.09,3,0.0,High
516,1226617.37,675650.5,54918.19,52754.31,1,0,Healthcare,550966.8700000001,0.96,2,0.0,Low
517,1150275.16,1002689.95,51288.4,40044.43,3,1,Manufacturing,147585.20999999996,0.78,8,0.0,High
518,706733.43,826162.34,16710.49,52243.94,3,1,Tech,-119428.90999999992,3.13,4,0.0,High
519,1029799.69,495162.64,46553.01,60795.19,2,2,Manufacturing,534637.0499999999,1.31,6,0.0,High
520,1225416.14,1070818.51,37228.9,25831.81,2,1,Healthcare,154597.6299999999,0.69,5,0.0,High
521,499178.42,944206.74,52628.17,53027.45,1,2,Manufacturing,-445028.32,1.01,9,0.0,High
522,1163008.06,816419.54,94778.89,23067.29,2,1,Tech,346588.52,0.24,4,0.0,High
523,801212.87,654703.18,55512.22,38343.35,2,0,Tech,146509.68999999994,0.69,6,0.0,High
524,1171179.6,508112.15,45297.05,64291.66,2,1,Manufacturing,663067.4500000001,1.42,5,0.0,Medium
525,771022.25,625558.64,63827.02,42182.18,3,1,Tech,145463.61,0.66,9,0.0,High
526,458535.37,917749.72,57240.32,36261.2,1,2,Tech,-459214.35,0.63,1,0.0,High
527,511737.27,1076917.26,56301.42,46020.62,3,2,Manufacturing,-565179.99,0.82,2,0.0,High
528,1014425.48,1008648.71,59102.76,68679.06,4,2,Healthcare,5776.770000000019,1.16,1,0.0,High
529,1077916.75,602230.12,80848.15,29683.18,3,1,Tech,475686.63,0.37,2,0.0,High
530,728705.01,476076.51,33036.67,37486.9,4,1,Tech,252628.5,1.13,0,0.0,High
531,1191577.74,728177.25,57104.48,62974.32,0,0,Tech,463400.49,1.1,7,0.0,Low
532,501543.98,346312.13,36104.28,66577.02,0,1,Tech,155231.84999999998,1.84,5,0.0,Low
533,980176.06,764633.54,58332.69,46965.69,4,0,Manufacturing,215542.52000000002,0.81,1,0.0,High
534,636695.14,670479.48,36219.7,35609.47,4,2,Healthcare,-33784.33999999997,0.98,7,0.0,High
535,804449.17,606792.7,43739.5,68958.44,3,2,Healthcare,197656.4700000001,1.58,5,0.0,High
536,1014219.6,381059.39,45573.65,63944.42,4,2,Retail,633160.21,1.4,6,0.0,High
537,741875.99,802720.02,64637.25,54789.47,1,0,Tech,-60844.03000000003,0.85,0,0.0,Medium
538,884633.34,593459.83,63776.82,39875.98,0,1,Tech,291173.51,0.63,6,0.0,High
539,1301887.84,466016.63,31314.24,47509.71,0,2,Retail,835871.2100000001,1.52,2,0.0,High
540,826932.44,125547.56,50824.01,46396.4,4,1,Healthcare,701384.8799999999,0.91,7,0.0,High
541,1250707.63,694497.02,39356.3,51308.51,2,1,Finance,556210.6099999999,1.3,5,0.0,Medium
542,661087.94,1054450.32,31122.43,62510.01,2,2,Finance,-393362.3800000001,2.01,3,0.0,High
543,1158941.25,1032251.84,46744.74,56794.17,4,0,Healthcare,126689.41000000003,1.21,7,0.0,High
544,1432470.59,608580.75,45372.76,37226.24,1,1,Tech,823889.8400000001,0.82,8,0.0,Medium
545,258506.65,579557.59,86400.75,61764.96,2,2,Finance,-321050.93999999994,0.71,9,0.0,High
546,760931.42,793754.85,56494.4,51131.32,4,1,Manufacturing,-32823.429999999935,0.91,1,0.0,High
547,1173121.64,500322.91,29335.74,54870.66,1,1,Manufacturing,672798.73,1.87,5,0.0,Low
548,939086.38,760358.38,41528.39,62665.41,1,1,Retail,178728.0,1.51,4,0.0,Low
549,1111343.76,853216.06,65320.75,36884.2,3,1,Healthcare,258127.69999999995,0.56,4,0.0,High
550,818804.44,945386.64,81326.64,47641.74,1,1,Healthcare,-126582.20000000007,0.59,9,0.0,High
551,1025976.94,679969.18,26210.25,42685.45,2,0,Finance,346007.7599999999,1.63,2,0.0,Medium
552,953296.83,659265.25,21801.13,32321.41,2,0,Tech,294031.57999999996,1.48,7,0.0,Medium
553,1350334.62,524403.48,78064.48,51467.1,4,2,Healthcare,825931.1400000001,0.66,7,0.0,High
554,1076326.25,534623.93,55844.21,73115.57,4,0,Finance,541702.32,1.31,4,0.0,High
555,1101280.8,654704.22,36975.61,29599.22,1,0,Finance,446576.5800000001,0.8,7,0.0,Medium
556,876436.91,773473.1,58019.44,47677.19,0,0,Healthcare,102963.81000000006,0.82,9,0.0,Medium
557,853718.13,882716.93,10463.78,54405.43,3,1,Finance,-28998.800000000047,5.2,7,0.0,High
558,870232.54,539364.21,50050.63,49230.78,0,1,Retail,330868.3300000001,0.98,2,0.0,Low
559,1118335.64,998537.71,54917.32,46868.72,1,2,Retail,119797.92999999993,0.85,1,0.0,High
560,873704.66,645775.28,63864.05,35007.84,1,2,Healthcare,227929.38,0.55,8,0.0,High
561,1086932.46,695726.54,34791.56,50327.87,0,2,Tech,391205.9199999999,1.45,1,0.0,High
562,1622620.24,550557.66,51285.31,40432.36,3,1,Retail,1072062.58,0.79,8,0.0,High
563,1261337.41,215151.95,36118.63,26100.78,0,0,Retail,1046185.46,0.72,3,0.0,High
564,902192.94,876809.08,53830.76,59945.92,4,0,Healthcare,25383.859999999986,1.11,1,0.0,High
565,1360364.18,847368.78,36569.81,57583.86,2,1,Manufacturing,512995.3999999999,1.57,9,0.0,Medium
566,877577.39,643734.49,43878.49,48516.61,4,2,Finance,233842.90000000002,1.11,0,0.0,High
567,388562.64,713398.14,35062.77,50290.75,2,2,Retail,-324835.5,1.43,3,0.0,High
568,697574.11,803187.84,59767.04,58743.18,1,2,Manufacturing,-105613.72999999998,0.98,8,0.0,High
569,438762.42,387490.83,62876.77,50243.4,3,1,Tech,51271.58999999997,0.8,8,0.0,High
570,894545.95,594189.46,46480.69,57040.18,0,2,Manufacturing,300356.49,1.23,3,0.0,High
571,1005525.51,858852.94,50573.57,45025.18,3,2,Healthcare,146672.57000000007,0.89,8,0.0,High
572,1502931.19,449142.12,28271.13,61119.84,0,1,Tech,1053789.0699999998,2.16,5,0.0,Low
573,1098078.21,758711.59,45504.85,51207.86,4,0,Tech,339366.62,1.13,0,0.0,High
574,934269.84,428683.64,49246.93,49940.52,4,1,Manufacturing,505586.19999999995,1.01,9,0.0,High
575,1248821.67,793286.0,89311.9,35299.39,0,1,Healthcare,455535.6699999999,0.4,5,0.0,High
576,336659.41,692871.7,33320.49,50869.56,3,1,Retail,-356212.29,1.53,8,0.0,High
577,1070684.37,376973.64,71962.66,39680.45,0,1,Manufacturing,693710.7300000001,0.55,1,0.0,High
578,1231259.56,932947.87,64952.88,41617.17,1,0,Retail,298311.69000000006,0.64,5,0.0,High
579,556424.13,553081.68,54209.55,39846.24,4,2,Manufacturing,3342.4499999999534,0.74,1,0.0,High
580,1343126.21,537949.51,76379.31,37337.65,1,1,Retail,805176.7,0.49,3,0.0,High
581,1101548.92,740113.84,55581.58,69247.71,4,0,Manufacturing,361435.07999999996,1.25,7,0.0,High
582,875413.63,929727.47,55837.39,61313.39,4,2,Tech,-54313.83999999997,1.1,6,0.0,High
583,1189834.56,496835.64,49203.19,67203.68,2,2,Finance,692998.92,1.37,8,0.0,High
584,1681207.86,712335.97,68353.53,35771.05,1,2,Tech,968871.8900000001,0.52,6,0.0,High
585,1054559.88,785763.3,66447.04,48712.54,1,1,Retail,268796.57999999984,0.73,0,0.0,High
586,1074466.18,838621.12,40614.84,35064.92,2,1,Healthcare,235845.05999999994,0.86,1,0.0,Medium
587,862191.73,735288.31,30211.29,41043.05,3,2,Tech,126903.41999999993,1.36,5,0.0,High
588,745046.69,626594.43,46955.29,38818.73,1,2,Finance,118452.2599999999,0.83,6,0.0,High
589,1249100.74,534481.96,37999.42,60395.84,0,2,Retail,714618.78,1.59,2,0.0,High
590,743174.85,717228.78,49047.13,44037.7,2,2,Tech,25946.06999999995,0.9,8,0.0,High
591,1021469.87,485572.2,68561.57,58683.79,1,2,Manufacturing,535897.6699999999,0.86,6,0.0,High
592,856702.77,115729.9,43140.48,54041.21,3,2,Healthcare,740972.87,1.25,5,0.0,High
593,1143693.95,787311.96,49357.65,71036.39,1,0,Retail,356381.99,1.44,5,0.0,Low
594,1100098.63,880786.97,50870.34,33205.56,4,2,Tech,219311.65999999992,0.65,0,0.0,High
595,1311261.98,227413.51,62726.46,60592.33,0,1,Retail,1083848.47,0.97,4,0.0,Low
596,846995.08,498053.86,16296.66,59464.41,2,1,Manufacturing,348941.22,3.65,9,0.0,Medium
597,919037.52,823830.85,40899.5,38266.21,4,1,Finance,95206.67000000004,0.94,2,0.0,High
598,706370.89,1111499.09,53169.26,58071.33,3,2,Tech,-405128.20000000007,1.09,6,0.0,High
599,866712.02,704158.74,68001.18,51361.45,4,1,Retail,162553.28000000003,0.76,9,0.0,High
600,1113190.15,554399.41,42621.46,45725.24,4,0,Retail,558790.7399999999,1.07,2,0.0,High
601,1227096.58,663420.71,21851.71,39760.65,3,2,Retail,563675.8700000001,1.82,4,0.0,High
602,723350.4,974975.28,59295.67,40808.91,4,1,Finance,-251624.88,0.69,6,0.0,High
603,1260881.78,570807.16,40469.56,68498.12,2,0,Retail,690074.62,1.69,2,0.0,Medium
604,1406691.36,540161.6,32155.0,48006.83,1,0,Healthcare,866529.7600000001,1.49,9,0.0,Low
605,1124030.47,603451.3,40634.82,55821.3,4,1,Healthcare,520579.1699999999,1.37,1,0.0,High
606,1563038.74,509334.28,47232.12,40091.01,2,0,Retail,1053704.46,0.85,5,0.0,Medium
607,767863.24,724534.06,40928.83,40201.47,1,1,Healthcare,43329.179999999935,0.98,7,0.0,Low
608,626603.59,1024935.69,16916.51,58819.85,1,0,Tech,-398332.1,3.48,3,0.0,Low
609,466383.93,764615.85,63455.99,34504.24,4,2,Healthcare,-298231.92,0.54,8,0.0,High
610,1448813.29,649529.3,69123.13,43847.86,2,2,Retail,799283.99,0.63,7,0.0,High
611,1196309.7,641637.75,59772.83,48340.27,4,2,Manufacturing,554671.95,0.81,6,0.0,High
612,983324.6,387361.84,32934.71,49113.73,3,2,Tech,595962.76,1.49,6,0.0,High
613,1083990.59,876621.96,46977.63,46209.07,1,2,Finance,207368.63000000012,0.98,2,0.0,High
614,662353.29,684432.56,49902.18,51958.2,4,1,Retail,-22079.27000000002,1.04,5,0.0,High
615,1733725.59,663904.02,58981.92,54928.56,1,2,Finance,1069821.57,0.93,4,0.0,High
616,1038766.35,1338621.51,60025.11,55346.38,2,2,Manufacturing,-299855.16000000003,0.92,0,0.0,High
617,1032818.44,759750.58,38987.39,38141.96,0,2,Finance,273067.86,0.98,2,0.0,High
618,1217729.99,549641.79,51229.93,45158.45,4,2,Retail,668088.2,0.88,0,0.0,High
619,1144302.77,614728.48,56859.21,59947.63,4,0,Retail,529574.29,1.05,3,0.0,High
620,1067165.21,929689.14,71837.33,56946.47,1,2,Manufacturing,137476.06999999995,0.79,9,0.0,High
621,762857.66,722654.08,60567.6,34271.41,2,2,Retail,40203.580000000075,0.57,2,0.0,High
622,1141440.51,412344.4,61835.85,51514.8,3,1,Manufacturing,729096.11,0.83,3,0.0,High
623,1564607.35,883845.79,51257.4,28217.75,2,0,Manufacturing,680761.56,0.55,8,0.0,High
624,1403626.01,566371.18,71156.89,48469.35,4,1,Retail,837254.83,0.68,2,0.0,High
625,1477955.99,1074659.56,56146.44,66977.67,3,2,Healthcare,403296.42999999993,1.19,5,0.0,High
626,846635.3,916009.61,37083.68,38521.07,2,1,Manufacturing,-69374.30999999994,1.04,5,0.0,Medium
627,703118.55,610535.62,71050.55,39656.77,0,1,Retail,92582.93000000005,0.56,6,0.0,High
628,962263.92,956203.27,60468.55,55640.3,1,2,Healthcare,6060.650000000023,0.92,8,0.0,High
629,1016717.47,713571.1,43354.34,32571.98,2,0,Manufacturing,303146.37,0.75,6,0.0,High
630,1328257.46,870554.74,42807.61,41672.45,2,0,Healthcare,457702.72,0.97,0,0.0,Medium
631,492260.61,796946.56,54448.63,53964.41,0,1,Tech,-304685.95000000007,0.99,7,0.0,Low
632,1458865.1,530728.67,56947.77,41657.14,4,2,Tech,928136.43,0.73,4,0.0,High
633,952597.63,571290.03,52959.38,45640.3,1,1,Healthcare,381307.6,0.86,8,0.0,Medium
634,871935.68,905992.16,54669.63,55441.86,2,1,Manufacturing,-34056.47999999998,1.01,9,0.0,Medium
635,696368.69,633044.93,75499.36,52215.46,3,1,Retail,63323.75999999989,0.69,4,0.0,High
636,503543.0,619270.31,66073.15,50668.18,2,2,Finance,-115727.31000000006,0.77,4,0.0,High
637,1246951.18,508975.48,52859.53,44608.78,1,2,Retail,737975.7,0.84,1,0.0,High
638,1021995.39,784719.81,64119.66,51700.61,2,0,Finance,237275.57999999996,0.81,2,0.0,Medium
639,613011.73,1112504.98,34512.14,46762.67,0,2,Finance,-499493.25,1.35,9,0.0,High
640,611476.37,486493.42,55968.91,52578.06,2,1,Manufacturing,124982.95000000001,0.94,8,0.0,Medium
641,899264.59,704843.89,77139.6,43030.68,2,1,Healthcare,194420.69999999995,0.56,6,0.0,High
642,1500706.46,982444.11,46729.31,46174.31,3,0,Retail,518262.35,0.99,0,0.0,High
643,922122.59,684071.72,37285.49,38100.42,0,2,Healthcare,238050.87,1.02,2,0.0,High
644,549057.11,790474.36,40218.67,47649.92,0,1,Tech,-241417.25,1.18,1,0.0,Low
645,926277.08,487521.29,33655.5,39889.99,2,0,Manufacturing,438755.79,1.19,0,0.0,Medium
646,918182.93,785661.42,38228.57,36859.54,3,0,Manufacturing,132521.51,0.96,8,0.0,High
647,190934.01,662571.15,44442.38,50586.61,2,1,Tech,-471637.14,1.14,7,0.0,Medium
648,983711.54,897146.0,28916.49,50127.4,2,1,Retail,86565.54000000004,1.73,4,0.0,Medium
649,930719.64,937477.21,50234.28,55828.74,1,2,Tech,-6757.569999999949,1.11,1,0.0,High
650,1208861.91,1217912.73,63534.16,43688.74,1,0,Retail,-9050.820000000065,0.69,0,0.0,High
651,1554686.83,815926.63,36383.66,52080.53,3,1,Finance,738760.2000000001,1.43,6,0.0,High
652,1337969.51,765159.26,72789.26,53507.98,4,0,Manufacturing,572810.25,0.74,1,0.0,High
653,919333.39,738876.86,57661.88,52447.74,1,2,Retail,180456.53000000003,0.91,0,0.0,High
654,668042.23,629366.74,65458.71,39743.46,4,1,Healthcare,38675.48999999999,0.61,1,0.0,High
655,1772007.94,767696.77,40132.48,49493.63,0,2,Healthcare,1004311.1699999999,1.23,6,0.0,High
656,1017765.53,640919.72,62817.88,51641.4,1,0,Manufacturing,376845.81000000006,0.82,6,0.0,Medium
657,1004178.79,733692.2,33620.99,48071.78,1,2,Tech,270486.5900000001,1.43,9,0.0,High
658,992762.47,963519.51,63353.71,27135.22,3,2,Tech,29242.959999999963,0.43,5,0.0,High
659,1059425.43,498691.49,52577.59,49604.9,4,0,Retail,560733.94,0.94,4,0.0,High
660,956691.88,927975.71,58298.77,70125.31,1,2,Tech,28716.170000000042,1.2,2,0.0,High
661,827901.4,963423.01,32366.08,44399.61,1,0,Manufacturing,-135521.61,1.37,2,0.0,Low
662,835942.32,676386.29,36573.95,40719.23,3,1,Retail,159556.0299999999,1.11,8,0.0,High
663,990174.02,275629.02,58958.42,51733.49,3,0,Finance,714545.0,0.88,3,0.0,High
664,836972.57,578435.6,35774.78,51123.78,4,0,Tech,258536.96999999997,1.43,8,0.0,High
665,786146.27,959398.91,56948.09,59927.35,0,1,Tech,-173252.64,1.05,3,0.0,Low
666,1031929.07,695426.39,29492.93,35421.32,0,0,Retail,336502.67999999993,1.2,1,0.0,Low
667,923506.83,500139.55,62722.61,55313.8,2,1,Healthcare,423367.27999999997,0.88,3,0.0,Medium
668,1451197.9,599045.02,31512.15,53904.22,1,1,Tech,852152.8799999999,1.71,5,0.0,Low
669,204709.06,868124.01,58284.5,46578.53,4,0,Manufacturing,-663414.95,0.8,5,0.0,High
670,1327452.06,809346.71,59384.46,51386.87,1,2,Tech,518105.3500000001,0.87,4,0.0,High
671,1373825.56,652213.58,39548.42,58294.57,4,2,Finance,721611.9800000001,1.47,0,0.0,High
672,377982.93,626635.12,58730.4,56723.15,4,1,Tech,-248652.19,0.97,2,0.0,High
673,897193.72,621648.37,53906.63,36569.81,4,2,Healthcare,275545.35,0.68,4,0.0,High
674,888567.74,515517.96,41917.37,56201.58,1,2,Tech,373049.77999999997,1.34,5,0.0,High
675,577746.49,1023075.14,34871.68,47353.11,3,0,Retail,-445328.65,1.36,0,0.0,High
676,766654.99,635535.91,20560.61,48728.74,1,1,Tech,131119.07999999996,2.37,8,0.0,Low
677,666827.25,943431.7,55244.75,48731.97,4,1,Healthcare,-276604.44999999995,0.88,2,0.0,High
678,1525681.13,1004263.21,26527.96,46497.57,2,0,Retail,521417.9199999999,1.75,9,0.0,Medium
679,1280703.52,899662.18,51430.16,59917.07,0,2,Manufacturing,381041.33999999997,1.17,2,0.0,High
680,1381466.53,613675.94,46048.28,47162.82,4,1,Retail,767790.5900000001,1.02,1,0.0,High
681,1216501.62,780746.02,60187.14,36804.54,2,2,Finance,435755.6000000001,0.61,7,0.0,High
682,661284.47,695160.88,45469.32,44064.7,3,1,Retail,-33876.41000000003,0.97,2,0.0,High
683,842643.92,519259.63,45058.28,49786.95,4,1,Manufacturing,323384.29000000004,1.1,5,0.0,High
684,1146812.37,764871.86,60978.06,60292.15,2,1,Tech,381940.5100000001,0.99,1,0.0,Medium
685,633361.66,464192.04,55025.87,54030.95,4,1,Retail,169169.62000000005,0.98,6,0.0,High
686,1213899.53,937535.88,54742.34,39494.65,1,2,Retail,276363.65,0.72,3,0.0,High
687,927902.38,607076.54,57039.01,72851.9,2,2,Retail,320825.83999999997,1.28,8,0.0,High
688,887553.76,740231.93,26966.42,50647.75,1,2,Retail,147321.82999999996,1.88,9,0.0,High
689,1213287.99,756657.57,61351.83,60753.91,1,2,Manufacturing,456630.42000000004,0.99,8,0.0,High
690,1133278.99,648219.01,59187.03,46482.86,2,0,Healthcare,485059.98,0.79,6,0.0,High
691,891710.15,817338.76,34749.75,53333.59,0,1,Healthcare,74371.39000000001,1.53,7,0.0,Low
692,1347798.94,605019.27,46338.79,56394.69,2,1,Retail,742779.6699999999,1.22,2,0.0,Medium
693,675681.0,874259.46,49410.39,60181.95,0,1,Manufacturing,-198578.45999999996,1.22,4,0.0,Low
694,1184780.68,430804.06,47982.55,58573.68,4,0,Manufacturing,753976.6199999999,1.22,1,0.0,High
695,1177930.38,725275.92,55007.9,56721.97,4,2,Retail,452654.45999999985,1.03,9,0.0,High
696,907136.07,1087785.8,71470.5,44849.13,2,1,Finance,-180649.7300000001,0.63,6,0.0,High
697,1097839.91,499933.74,66226.5,42282.54,4,2,Retail,597906.1699999999,0.64,7,0.0,High
698,624665.93,564451.01,30316.71,51326.08,3,2,Finance,60214.92000000004,1.69,8,0.0,High
699,1277208.11,802781.57,59331.05,57331.28,1,0,Retail,474426.54000000015,0.97,6,0.0,Low
700,944529.36,735916.36,69934.0,45772.79,1,0,Finance,208613.0,0.65,9,0.0,High
701,843183.09,770126.02,55802.13,58651.72,0,2,Finance,73057.06999999995,1.05,9,0.0,High
702,1314702.77,797837.43,66364.71,62526.17,4,1,Retail,516865.33999999997,0.94,7,0.0,High
703,788696.89,826944.29,80184.06,38836.79,0,1,Finance,-38247.40000000002,0.48,8,0.0,High
704,577461.61,921939.97,65355.64,39630.79,1,0,Tech,-344478.36,0.61,5,0.0,High
705,533011.25,781963.73,53739.63,46596.25,1,0,Healthcare,-248952.47999999998,0.87,9,0.0,Medium
706,1181802.99,651748.47,65676.33,51076.13,4,0,Manufacturing,530054.52,0.78,1,0.0,High
707,615871.19,834514.74,52173.32,42754.33,3,0,Finance,-218643.55000000005,0.82,1,0.0,High
708,1526438.25,1079976.39,50358.55,61522.03,3,0,Finance,446461.8600000001,1.22,3,0.0,High
709,375421.18,673473.25,44728.79,52240.67,4,0,Manufacturing,-298052.07,1.17,8,0.0,High
710,1508936.91,505094.14,73451.2,48394.47,4,0,Finance,1003842.7699999999,0.66,6,0.0,High
711,1063305.24,921416.13,37723.57,33640.9,0,1,Manufacturing,141889.11,0.89,1,0.0,Medium
712,970986.07,675923.77,72985.52,34841.84,4,0,Retail,295062.29999999993,0.48,7,0.0,High
713,836524.27,265466.09,57497.96,50810.09,3,0,Tech,571058.1799999999,0.88,6,0.0,High
714,1119740.83,869484.34,29010.41,26674.04,4,1,Tech,250256.4900000001,0.92,8,0.0,High
715,988709.59,592934.36,55514.74,58126.37,0,1,Healthcare,395775.23,1.05,7,0.0,Low
716,1330990.56,681893.34,18499.6,46418.46,0,2,Finance,649097.2200000001,2.51,2,0.0,High
717,1034268.29,766396.07,59382.62,80430.93,0,0,Healthcare,267872.2200000001,1.35,0,0.0,Low
718,1045090.53,738099.94,63278.47,71079.16,0,0,Retail,306990.5900000001,1.12,1,0.0,Low
719,890916.34,841890.36,41114.66,46185.51,2,0,Tech,49025.97999999998,1.12,1,0.0,Medium
720,982916.31,612902.73,51853.22,46936.63,4,0,Retail,370013.5800000001,0.91,3,0.0,High
721,1092340.53,802621.16,79312.36,57955.82,1,2,Retail,289719.37,0.73,5,0.0,High
722,486949.48,648090.66,42413.8,65031.73,4,1,Finance,-161141.18000000005,1.53,3,0.0,High
723,595544.37,847762.1,34116.39,31619.71,2,1,Retail,-252217.72999999998,0.93,8,0.0,Medium
724,1222979.23,823073.5,72224.95,30136.25,0,0,Tech,399905.73,0.42,3,0.0,High
725,1051259.63,512912.26,79438.81,41779.65,2,0,Healthcare,538347.3699999999,0.53,5,0.0,High
726,944805.0,917196.42,50055.44,53827.38,3,0,Tech,27608.579999999958,1.08,5,0.0,High
727,1005530.18,592807.31,65171.95,52968.74,3,2,Finance,412722.87,0.81,9,0.0,High
728,1104274.51,861611.56,70122.14,58697.71,4,2,Tech,242662.94999999995,0.84,9,0.0,High
729,838072.1,773457.46,38862.74,36003.02,4,1,Manufacturing,64614.640000000014,0.93,0,0.0,High
730,766508.58,1067636.74,42720.41,24838.56,1,0,Healthcare,-301128.16000000003,0.58,7,0.0,High
731,1058753.58,655306.8,68463.12,56580.14,1,0,Manufacturing,403446.78,0.83,2,0.0,Medium
732,706488.17,630136.64,75275.21,39718.04,3,0,Manufacturing,76351.53000000003,0.53,5,0.0,High
733,1122475.83,696116.08,58443.21,27815.12,0,0,Finance,426359.7500000001,0.48,2,0.0,High
734,489224.92,639364.04,36802.78,49450.64,2,2,Retail,-150139.12000000005,1.34,1,0.0,High
735,1308746.69,859988.38,79805.92,55931.76,1,1,Manufacturing,448758.30999999994,0.7,4,0.0,High
736,1141779.24,376737.88,42035.44,46779.43,1,1,Tech,765041.36,1.11,0,0.0,Low
737,1076808.92,489263.52,44972.93,43421.52,0,2,Retail,587545.3999999999,0.97,8,0.0,High
738,1294807.3,486439.42,55135.07,46406.38,0,0,Tech,808367.8800000001,0.84,6,0.0,Medium
739,1499642.33,890061.52,73312.41,44294.17,4,1,Tech,609580.81,0.6,2,0.0,High
740,1304311.02,1042122.67,62809.64,34519.53,2,1,Retail,262188.35,0.55,3,0.0,High
741,447737.73,679110.16,56222.98,40853.19,0,2,Retail,-231372.43000000005,0.73,5,0.0,High
742,616126.91,666235.66,56949.33,53212.8,1,0,Tech,-50108.75,0.93,2,0.0,Low
743,812554.43,714010.43,50652.72,51216.79,1,1,Finance,98544.0,1.01,6,0.0,Low
744,1007827.32,932375.66,58372.09,49680.6,3,0,Healthcare,75451.65999999992,0.85,5,0.0,High
745,1155297.71,514529.37,12056.6,38048.52,0,1,Healthcare,640768.34,3.16,8,0.0,Low
746,782276.86,747673.8,45550.89,46184.97,4,2,Finance,34603.05999999994,1.01,4,0.0,High
747,1056030.03,895039.53,53619.83,26229.35,2,0,Retail,160990.5,0.49,3,0.0,High
748,773385.12,800218.83,32734.79,49784.77,4,2,Tech,-26833.709999999963,1.52,2,0.0,High
749,816544.66,737916.32,55794.85,62288.58,1,1,Healthcare,78628.34000000008,1.12,9,0.0,Low
750,578001.67,900209.22,46932.93,33258.68,4,2,Tech,-322207.54999999993,0.71,0,0.0,High
751,723030.03,159353.54,76332.14,42140.72,1,2,Finance,563676.49,0.55,2,0.0,High
752,594494.62,835575.06,73595.3,51291.07,1,2,Tech,-241080.44000000006,0.7,2,0.0,High
753,707238.02,569184.86,43012.92,60528.43,1,1,Finance,138053.16000000003,1.41,6,0.0,Low
754,1316092.54,333873.42,47737.43,43517.75,1,0,Retail,982219.1200000001,0.91,6,0.0,Low
755,715180.33,802240.52,48890.79,41077.5,1,2,Finance,-87060.19000000006,0.84,0,0.0,High
756,1789714.62,974731.71,43225.11,28310.77,3,0,Finance,814982.9100000001,0.65,2,0.0,High
757,1147995.37,672510.3,52925.37,49034.38,4,1,Healthcare,475485.07000000007,0.93,7,0.0,High
758,1055450.84,890574.91,38625.77,68420.76,3,0,Tech,164875.93000000005,1.77,8,0.0,High
759,742492.67,1022455.65,33040.77,50773.58,3,2,Healthcare,-279962.98,1.54,6,0.0,High
760,1210092.96,962982.89,59340.67,47777.21,0,2,Manufacturing,247110.06999999995,0.81,6,0.0,High
761,827308.65,1027992.91,59442.94,51220.82,0,2,Finance,-200684.26,0.86,7,0.0,High
762,1036602.94,848425.5,37935.26,47889.08,0,2,Manufacturing,188177.43999999994,1.26,5,0.0,High
763,1768025.36,715086.73,63430.33,39869.86,2,2,Healthcare,1052938.6300000001,0.63,2,0.0,High
764,971182.03,379606.84,40526.33,56232.8,0,2,Tech,591575.19,1.39,0,0.0,High
765,1344782.0,650787.5,53797.48,50257.62,4,1,Healthcare,693994.5,0.93,6,0.0,High
766,789047.07,531350.68,62305.16,48176.13,3,1,Tech,257696.3899999999,0.77,0,0.0,High
767,989503.45,1134188.54,49495.81,38246.34,4,1,Tech,-144685.09000000008,0.77,0,0.0,High
768,1531240.19,664822.84,56821.11,61035.08,0,0,Retail,866417.35,1.07,8,0.0,Low
769,811909.88,724640.96,42253.56,54647.03,2,0,Finance,87268.92000000004,1.29,9,0.0,Medium
770,1543734.57,810297.08,47053.0,42470.79,2,1,Healthcare,733437.4900000001,0.9,6,0.0,Medium
771,1212325.58,708720.49,46912.11,58018.25,3,0,Tech,503605.0900000001,1.24,3,0.0,High
772,831259.97,1039010.21,38801.32,43024.29,4,0,Healthcare,-207750.24,1.11,5,0.0,High
773,1189722.32,575470.13,47348.39,40179.97,1,2,Healthcare,614252.1900000001,0.85,0,0.0,High
774,1291766.33,738921.49,26770.73,40402.97,4,2,Tech,552844.8400000001,1.51,6,0.0,High
775,1186542.99,551505.88,42632.69,30289.31,0,0,Manufacturing,635037.11,0.71,5,0.0,High
776,528932.58,435995.5,45726.87,52715.42,1,0,Finance,92937.07999999996,1.15,3,0.0,Low
777,781858.85,577646.18,46157.3,29688.55,2,1,Finance,204212.66999999993,0.64,6,0.0,High
778,925744.41,692592.64,46377.54,35715.56,3,0,Retail,233151.77000000002,0.77,2,0.0,High
779,977669.97,614139.56,49073.54,27244.12,3,2,Retail,363530.4099999999,0.56,0,0.0,High
780,1186201.63,561515.8,57191.62,47139.3,2,0,Retail,624685.8299999998,0.82,3,0.0,Medium
781,1053310.3,418736.51,63117.76,46496.8,0,1,Finance,634573.79,0.74,2,0.0,High
782,599396.69,683378.89,40253.52,44733.04,2,2,Manufacturing,-83982.20000000007,1.11,0,0.0,High
783,1114059.36,399055.93,31951.99,37574.22,0,2,Finance,715003.4300000002,1.18,1,0.0,High
784,1183175.72,852011.19,34369.33,36277.66,1,2,Finance,331164.53,1.06,4,0.0,High
785,1167937.13,716487.95,42691.96,52643.7,2,2,Finance,451449.17999999993,1.23,7,0.0,High
786,1324234.22,408489.7,44721.18,42494.48,0,0,Finance,915744.52,0.95,0,0.0,Low
787,1250176.65,638158.18,38450.06,51163.58,1,1,Manufacturing,612018.4699999999,1.33,3,0.0,Low
788,1137754.02,549568.72,30558.25,39147.51,2,0,Retail,588185.3,1.28,3,0.0,Medium
789,978950.29,763834.9,43158.19,49810.63,3,0,Healthcare,215115.39,1.15,4,0.0,High
790,501711.72,968090.09,52721.4,61032.78,2,2,Retail,-466378.37,1.16,6,0.0,High
791,1128885.47,324965.51,58925.44,53861.66,4,1,Retail,803919.96,0.91,7,0.0,High
792,1062306.31,723005.22,41638.65,43875.86,2,2,Healthcare,339301.0900000001,1.05,5,0.0,High
793,1081473.65,667973.44,43805.03,50571.99,4,0,Finance,413500.20999999996,1.15,0,0.0,High
794,616975.43,834268.02,36099.53,45593.35,1,0,Manufacturing,-217292.58999999997,1.26,6,0.0,Low
795,675683.04,742639.33,49528.41,48078.8,2,2,Manufacturing,-66956.28999999992,0.97,2,0.0,High
796,1315945.86,549606.13,37273.57,44743.89,1,0,Retail,766339.7300000001,1.2,5,0.0,Low
797,988133.45,636189.21,58596.92,46356.65,1,0,Healthcare,351944.24,0.79,7,0.0,High
798,1204450.21,540794.83,23212.0,50120.93,0,2,Tech,663655.38,2.16,6,0.0,High
799,1008495.51,915201.43,44605.55,38066.41,1,0,Finance,93294.07999999996,0.85,9,0.0,Medium
800,1008926.84,704262.33,54516.61,37841.21,1,1,Retail,304664.51,0.69,5,0.0,High
801,1281485.14,1080238.14,52757.52,34114.57,2,2,Manufacturing,201247.0,0.65,8,0.0,High
802,845186.58,687867.84,90395.5,31997.29,2,1,Healthcare,157318.74,0.35,8,0.0,High
803,1028836.23,558318.65,55247.0,35827.17,3,0,Healthcare,470517.57999999996,0.65,0,0.0,High
804,861317.41,397257.12,34939.18,49594.63,0,0,Retail,464060.29000000004,1.42,0,0.0,Low
805,869651.13,339372.06,48568.04,39072.12,1,2,Tech,530279.0700000001,0.8,0,0.0,High
806,907248.36,383172.81,23356.3,53136.14,0,0,Manufacturing,524075.55,2.28,7,0.0,Low
807,1066640.13,753425.33,48791.0,48347.14,4,2,Retail,313214.79999999993,0.99,9,0.0,High
808,856375.41,801745.0,37504.16,28314.96,1,2,Tech,54630.41000000003,0.75,6,0.0,High
809,1376726.84,383761.86,63730.85,54549.76,0,2,Healthcare,992964.9800000001,0.86,2,0.0,High
810,731617.81,879007.66,41756.9,56107.99,3,2,Finance,-147389.84999999998,1.34,1,0.0,High
811,943938.51,603387.79,48248.51,38061.37,3,2,Manufacturing,340550.72,0.79,3,0.0,High
812,868080.68,729358.6,40466.63,52201.92,1,1,Manufacturing,138722.08000000007,1.29,2,0.0,Low
813,1434093.37,1022444.13,76082.77,39435.02,4,2,Tech,411649.2400000001,0.52,6,0.0,High
814,1058966.43,879367.86,45181.36,48976.7,3,1,Retail,179598.56999999995,1.08,9,0.0,High
815,1309553.36,646293.87,77488.36,35355.02,3,0,Healthcare,663259.4900000001,0.46,7,0.0,High
816,554331.89,521761.55,62212.28,30068.94,4,2,Tech,32570.340000000026,0.48,5,0.0,High
817,1080115.08,269636.92,57231.0,44171.83,0,0,Finance,810478.1600000001,0.77,2,0.0,High
818,1266889.24,556169.34,55531.0,46762.71,3,2,Finance,710719.9,0.84,5,0.0,High
819,1024685.2,657773.95,55906.96,44023.2,2,1,Finance,366911.25,0.79,1,0.0,High
820,1319644.11,502564.09,21084.91,36159.69,3,1,Tech,817080.02,1.71,6,0.0,High
821,844813.46,673748.61,45816.75,44001.01,0,1,Healthcare,171064.84999999998,0.96,9,0.0,Low
822,1422804.23,715370.38,62677.37,50692.95,0,0,Manufacturing,707433.85,0.81,6,0.0,Medium
823,1689669.44,655028.8,49266.54,47551.07,1,2,Retail,1034640.6399999999,0.97,3,0.0,High
824,891148.43,569999.48,28922.15,49825.01,2,0,Manufacturing,321148.95000000007,1.72,7,0.0,Medium
825,866349.24,733730.93,49213.93,41298.85,0,1,Healthcare,132618.30999999994,0.84,3,0.0,Medium
826,1436015.34,788388.13,75561.58,59717.18,4,0,Manufacturing,647627.2100000001,0.79,6,0.0,High
827,1473871.64,481920.18,68703.38,36238.27,2,1,Tech,991951.46,0.53,3,0.0,High
828,843141.99,982186.48,49069.94,52875.6,2,1,Finance,-139044.49,1.08,4,0.0,Medium
829,873943.95,680282.37,64271.74,59818.91,4,1,Healthcare,193661.57999999996,0.93,6,0.0,High
830,915464.62,703769.92,44502.39,52809.08,3,2,Healthcare,211694.69999999995,1.19,9,0.0,High
831,596664.85,841642.88,24441.93,45974.76,4,2,Manufacturing,-244978.03000000003,1.88,2,0.0,High
832,724404.42,746643.23,36133.01,42717.03,4,1,Tech,-22238.80999999994,1.18,9,0.0,High
833,698757.77,890627.33,73443.33,58360.88,3,0,Manufacturing,-191869.55999999994,0.79,4,0.0,High
834,769660.73,757424.83,45890.1,33770.25,3,0,Manufacturing,12235.900000000023,0.74,2,0.0,High
835,989594.53,577512.53,46349.24,38298.76,3,2,Healthcare,412082.0,0.83,4,0.0,High
836,1070264.42,772300.71,45502.43,44024.42,3,1,Manufacturing,297963.70999999996,0.97,2,0.0,High
837,1465150.15,471254.76,78562.05,60376.54,3,0,Finance,993895.3899999999,0.77,9,0.0,High
838,700493.79,721711.94,74389.38,51797.68,4,1,Manufacturing,-21218.149999999907,0.7,6,0.0,High
839,1295296.72,693354.0,83281.7,38319.54,1,0,Finance,601942.72,0.46,0,0.0,High
840,935803.35,658376.63,47614.32,44896.92,1,2,Healthcare,277426.72,0.94,8,0.0,High
841,985160.89,674292.5,54434.37,41856.77,0,1,Tech,310868.39,0.77,8,0.0,High
842,1202445.85,323630.19,27250.36,40902.11,1,1,Finance,878815.6600000001,1.5,4,0.0,Low
843,663183.39,590255.02,72154.02,57788.9,1,0,Tech,72928.37,0.8,8,0.0,Medium
844,1114722.92,718568.98,32483.31,34282.57,4,0,Tech,396153.93999999994,1.06,9,0.0,High
845,1049935.66,731971.28,53251.63,64087.81,3,0,Finance,317964.3799999999,1.2,5,0.0,High
846,1147735.38,494464.97,33540.46,56282.3,3,1,Healthcare,653270.4099999999,1.68,4,0.0,High
847,1086750.59,953141.57,41167.0,58908.62,4,2,Retail,133609.02000000014,1.43,2,0.0,High
848,1736590.04,526765.03,37441.06,43370.6,1,2,Tech,1209825.01,1.16,7,0.0,High
849,808678.0,893891.44,40881.87,46500.59,4,0,Tech,-85213.43999999994,1.14,3,0.0,High
850,840700.91,785438.87,41913.16,33668.48,0,2,Healthcare,55262.04000000004,0.8,9,0.0,High
851,813057.84,570754.54,41775.97,42753.38,3,0,Healthcare,242303.29999999993,1.02,2,0.0,High
852,833356.86,1055062.18,62500.01,52936.55,2,2,Manufacturing,-221705.31999999995,0.85,5,0.0,High
853,808783.86,461272.63,33427.06,60960.63,0,1,Healthcare,347511.23,1.82,7,0.0,Low
854,1356704.96,883830.83,53308.12,36928.43,0,0,Tech,472874.13,0.69,8,0.0,High
855,1426151.27,900116.46,68269.39,44344.94,4,2,Finance,526034.81,0.65,5,0.0,High
856,828776.11,565875.96,42302.05,46487.01,1,1,Retail,262900.15,1.1,4,0.0,Low
857,750293.33,978493.06,39231.22,34042.11,3,2,Manufacturing,-228199.7300000001,0.87,1,0.0,High
858,1141424.67,649990.7,46542.13,53913.49,2,1,Finance,491433.97,1.16,1,0.0,Medium
859,834333.09,757738.73,67695.88,40760.1,0,1,Retail,76594.35999999999,0.6,8,0.0,High
860,1189879.55,752064.37,52911.61,46046.1,2,2,Retail,437815.18000000005,0.87,1,0.0,High
861,1060876.91,673138.25,42031.79,43480.51,1,2,Retail,387738.6599999999,1.03,1,0.0,High
862,545276.77,862161.65,57258.15,40106.61,1,1,Finance,-316884.88,0.7,2,0.0,High
863,1464251.56,858697.74,33465.62,47929.55,2,1,Manufacturing,605553.8200000001,1.43,2,0.0,Medium
864,1538763.3,350293.61,60220.39,45843.9,3,1,Manufacturing,1188469.69,0.76,3,0.0,High
865,816163.39,960868.05,56129.11,44281.42,1,0,Retail,-144704.66000000003,0.79,6,0.0,High
866,883689.53,367501.6,45382.87,40715.38,2,1,Finance,516187.93000000005,0.9,8,0.0,Medium
867,1085759.62,906509.24,37421.21,51195.25,0,0,Retail,179250.38000000012,1.37,1,0.0,Low
868,1100337.04,925341.03,36699.79,64536.17,2,1,Healthcare,174996.01,1.76,3,0.0,Medium
869,1197563.28,481806.71,58022.26,49398.87,2,0,Manufacturing,715756.5700000001,0.85,8,0.0,Medium
870,1603061.36,617837.14,68434.71,57961.18,4,1,Tech,985224.2200000001,0.85,1,0.0,High
871,946915.83,478859.07,40440.38,34097.78,1,1,Retail,468056.75999999995,0.84,9,0.0,Medium
872,760510.83,657015.79,56875.8,49577.61,3,1,Healthcare,103495.03999999992,0.87,0,0.0,High
873,586204.23,638393.14,18694.59,37026.32,3,2,Manufacturing,-52188.91000000003,1.98,9,0.0,High
874,780720.99,855932.11,41230.73,33230.75,4,2,Finance,-75211.12,0.81,7,0.0,High
875,990061.91,962061.75,49534.12,40606.29,3,1,Manufacturing,28000.160000000033,0.82,8,0.0,High
876,1538367.36,979136.76,36354.75,59918.99,2,0,Finance,559230.6000000001,1.65,6,0.0,Medium
877,844716.61,587566.39,35952.4,57500.16,4,0,Finance,257150.21999999997,1.6,7,0.0,High
878,1067136.39,658155.63,39983.31,50430.05,0,1,Retail,408980.7599999999,1.26,3,0.0,Low
879,995073.13,363312.36,54382.89,32672.99,1,2,Retail,631760.77,0.6,3,0.0,High
880,1356517.98,538825.99,47190.06,46037.19,1,0,Manufacturing,817691.99,0.98,1,0.0,Low
881,1758079.73,892970.33,16426.53,51017.0,1,2,Healthcare,865109.4,3.11,7,0.0,High
882,840739.37,1023116.56,18189.5,49755.36,2,0,Manufacturing,-182377.19000000006,2.74,1,0.0,Medium
883,853168.17,453130.23,40897.02,29562.06,0,1,Tech,400037.94000000006,0.72,8,0.0,High
884,1313248.26,581507.15,56865.3,39096.82,4,2,Finance,731741.11,0.69,3,0.0,High
885,1204567.45,694718.85,8787.43,47359.22,4,0,Finance,509848.6,5.39,0,0.0,High
886,1554012.2,756032.23,42504.05,53362.91,1,1,Retail,797979.97,1.26,3,0.0,Low
887,1175178.46,538079.3,42106.28,26038.72,0,1,Healthcare,637099.1599999999,0.62,2,0.0,High
888,892212.37,784812.21,70825.07,46378.76,0,1,Retail,107400.16000000003,0.65,5,0.0,High
889,1177196.45,605232.13,44224.67,49430.49,0,2,Tech,571964.32,1.12,6,0.0,High
890,1332611.07,697109.55,55744.83,56496.12,3,2,Manufacturing,635501.52,1.01,7,0.0,High
891,1246144.65,809256.85,52118.86,54928.58,3,1,Manufacturing,436887.79999999993,1.05,1,0.0,High
892,1152182.21,701284.45,18041.5,53825.71,1,2,Healthcare,450897.76,2.98,5,0.0,High
893,1320002.41,612722.82,61523.11,40000.59,0,0,Retail,707279.59,0.65,5,0.0,High
894,1350788.68,678078.04,53230.95,28919.98,0,1,Retail,672710.6399999999,0.54,9,0.0,High
895,1414647.7,682327.41,57624.03,44069.47,4,1,Tech,732320.2899999999,0.76,4,0.0,High
896,1194612.97,625997.79,108893.57,58016.32,4,2,Manufacturing,568615.1799999999,0.53,9,0.0,High
897,949864.58,648240.79,18738.31,61934.55,1,1,Retail,301623.7899999999,3.31,9,0.0,Low
898,1044014.11,1019729.43,75870.45,55105.49,0,0,Healthcare,24284.679999999935,0.73,6,0.0,High
899,1361952.69,812183.89,45688.29,52293.41,1,2,Manufacturing,549768.7999999999,1.14,2,0.0,High
900,754919.3,640903.94,54309.93,51796.4,4,2,Tech,114015.3600000001,0.95,3,0.0,High
901,1110601.99,839390.88,49317.32,42438.81,4,1,Healthcare,271211.11,0.86,9,0.0,High
902,881998.36,633236.1,43636.45,46699.4,3,1,Finance,248762.26,1.07,8,0.0,High
903,1008623.45,934624.93,41452.51,64690.7,1,1,Tech,73998.5199999999,1.56,3,0.0,Low
904,1383535.56,773928.44,54942.63,38574.42,1,2,Healthcare,609607.1200000001,0.7,2,0.0,High
905,1057329.72,678539.57,27242.39,64147.79,0,1,Retail,378790.15,2.35,1,0.0,Low
906,1013930.96,789543.39,61258.69,44779.72,0,0,Finance,224387.56999999995,0.73,4,0.0,High
907,592043.16,385824.77,43757.08,61254.32,3,1,Tech,206218.39,1.4,3,0.0,High
908,1223876.07,474646.51,33048.96,33931.85,2,1,Retail,749229.56,1.03,7,0.0,Medium
909,1193645.25,461215.0,43249.81,53859.04,2,2,Finance,732430.25,1.25,6,0.0,High
910,1648976.42,728588.62,68857.24,40632.3,2,1,Manufacturing,920387.7999999999,0.59,5,0.0,High
911,907666.53,1046503.0,41969.97,33847.33,1,2,Retail,-138836.46999999997,0.81,1,0.0,High
912,1065745.1,1146260.03,55376.8,50185.34,1,1,Healthcare,-80514.92999999993,0.91,2,0.0,Low
913,1074815.11,827610.22,39035.66,58094.72,4,0,Tech,247204.89000000013,1.49,9,0.0,High
914,1473235.98,800168.89,61368.83,39550.59,1,0,Finance,673067.09,0.64,8,0.0,High
915,971411.34,339788.45,60282.62,33009.84,1,2,Retail,631622.8899999999,0.55,8,0.0,High
916,1083706.46,591465.24,77729.13,47081.55,1,2,Manufacturing,492241.22,0.61,4,0.0,High
917,1182368.95,542443.25,47366.54,47125.65,3,1,Tech,639925.7,0.99,2,0.0,High
918,1055982.74,575830.48,60029.82,53483.2,1,1,Tech,480152.26,0.89,1,0.0,Medium
919,866069.92,666371.24,51471.01,57495.95,0,0,Retail,199698.68000000005,1.12,7,0.0,Low
920,1058227.0,605581.88,69438.08,47405.85,0,1,Manufacturing,452645.12,0.68,5,0.0,High
921,1322089.52,304140.04,39217.51,66555.03,4,0,Finance,1017949.48,1.7,9,0.0,High
922,692045.41,849582.05,61175.08,50242.35,3,2,Retail,-157536.64,0.82,6,0.0,High
923,1039890.9,485451.39,47079.54,44535.73,0,1,Finance,554439.51,0.95,0,0.0,Low
924,789963.76,747849.37,49037.18,31884.33,3,2,Tech,42114.390000000014,0.65,0,0.0,High
925,1358513.99,1114816.53,51376.29,45373.4,3,1,Finance,243697.45999999996,0.88,9,0.0,High
926,543043.93,516123.08,53783.61,44636.13,4,0,Manufacturing,26920.850000000035,0.83,1,0.0,High
927,832323.45,193942.5,48256.56,57603.05,3,2,Healthcare,638380.95,1.19,9,0.0,High
928,1113163.56,642799.16,53220.7,52624.84,1,2,Manufacturing,470364.4,0.99,2,0.0,High
929,1469657.21,920191.93,73671.77,36206.31,3,1,Finance,549465.2799999999,0.49,0,0.0,High
930,980274.92,1091669.49,64781.75,49722.54,4,2,Retail,-111394.56999999995,0.77,4,0.0,High
931,833440.14,454090.08,63037.32,54715.31,4,0,Tech,379350.06,0.87,2,0.0,High
932,1564347.12,799339.84,43166.91,63280.31,4,2,Healthcare,765007.2800000001,1.47,0,0.0,High
933,565595.83,606937.91,36661.39,56875.04,0,2,Retail,-41342.080000000075,1.55,7,0.0,High
934,340358.21,678810.33,64329.51,55608.47,1,1,Retail,-338452.11999999994,0.86,5,0.0,Medium
935,1132004.34,1228868.67,63140.7,48600.86,0,2,Manufacturing,-96864.32999999984,0.77,8,0.0,High
936,849383.73,399405.93,72090.06,51883.12,2,1,Finance,449977.8,0.72,2,0.0,High
937,693630.15,750747.93,40940.29,60495.05,1,1,Manufacturing,-57117.78000000003,1.48,8,0.0,Low
938,1212506.93,793538.63,46556.77,34672.23,3,2,Finance,418968.29999999993,0.74,8,0.0,High
939,1073140.21,917157.26,25407.74,44505.61,4,0,Manufacturing,155982.94999999995,1.75,0,0.0,High
940,830776.41,719596.63,44112.93,40274.31,2,1,Retail,111179.78000000003,0.91,2,0.0,Medium
941,615908.68,761610.11,64948.56,51791.53,1,2,Tech,-145701.42999999993,0.8,5,0.0,High
942,1261737.2,621670.29,43002.57,60302.22,0,1,Finance,640066.9099999999,1.4,7,0.0,Low
943,1195060.35,753825.39,59607.2,42030.26,4,0,Healthcare,441234.9600000001,0.71,3,0.0,High
944,970247.24,631361.54,47142.45,24096.96,0,0,Healthcare,338885.69999999995,0.51,4,0.0,High
945,1553991.1,824314.38,54860.86,43877.79,1,1,Retail,729676.7200000001,0.8,8,0.0,Medium
946,678974.57,626077.93,32784.63,57134.74,1,0,Manufacturing,52896.6399999999,1.74,5,0.0,Low
947,542342.45,775420.08,51278.14,53376.3,2,2,Manufacturing,-233077.63,1.04,6,0.0,High
948,792427.58,694147.44,5132.96,52281.86,3,2,Retail,98280.14000000001,10.19,6,0.0,High
949,986324.2,925210.05,47196.56,45200.07,0,1,Healthcare,61114.14999999991,0.96,3,0.0,Low
950,1073001.83,689721.26,25542.9,35209.69,2,0,Healthcare,383280.57000000007,1.38,3,0.0,Medium
951,927629.18,345393.51,68089.92,53152.94,4,2,Manufacturing,582235.67,0.78,3,0.0,High
952,1105616.62,952384.3,61661.11,39657.18,3,2,Finance,153232.32000000007,0.64,4,0.0,High
953,624538.17,518853.54,57000.06,69840.97,2,2,Tech,105684.63000000006,1.23,4,0.0,High
954,1433129.38,569246.73,72815.09,53705.07,0,1,Finance,863882.6499999999,0.74,7,0.0,High
955,975354.65,580867.74,35766.25,42193.52,1,1,Healthcare,394486.91000000003,1.18,8,0.0,Low
956,1335188.75,974887.62,76210.45,41886.15,4,2,Finance,360301.13,0.55,1,0.0,High
957,1102817.6,272865.16,63982.87,47070.56,0,2,Tech,829952.4400000002,0.74,6,0.0,High
958,1137025.97,1327549.71,46451.67,45604.98,3,0,Finance,-190523.74,0.98,0,0.0,High
959,1170930.18,911211.36,67034.3,59168.34,3,0,Finance,259718.81999999995,0.88,0,0.0,High
960,1134312.57,744647.78,33405.6,49864.16,1,0,Finance,389664.79000000004,1.49,3,0.0,Low
961,1192816.83,689021.2,37632.29,40683.68,1,1,Finance,503795.6300000001,1.08,9,0.0,Low
962,1398745.76,757110.81,40871.15,66904.41,4,2,Retail,641634.95,1.64,6,0.0,High
963,1058956.35,804224.49,42065.33,48493.08,4,1,Healthcare,254731.8600000001,1.15,1,0.0,High
964,1212701.13,829043.12,34151.64,55688.4,1,2,Tech,383658.0099999999,1.63,1,0.0,High
965,973079.29,811120.89,68346.25,41917.73,1,0,Healthcare,161958.40000000002,0.61,0,0.0,High
966,1432035.16,717916.14,46117.18,51631.16,3,0,Retail,714119.0199999999,1.12,9,0.0,High
967,797082.31,660532.32,55287.57,51111.1,1,0,Retail,136549.9900000001,0.92,1,0.0,Low
968,1540282.13,669745.34,41444.73,29103.51,2,0,Retail,870536.7899999999,0.7,6,0.0,High
969,987952.61,661018.34,22690.95,68152.75,0,2,Retail,326934.27,3.0,8,0.0,High
970,570767.47,926754.02,54050.86,60906.44,1,0,Finance,-355986.55000000005,1.13,5,0.0,Low
971,1038431.32,818711.34,21316.18,44028.05,4,2,Healthcare,219719.97999999998,2.07,9,0.0,High
972,795684.5,111922.27,48970.49,36977.3,2,2,Manufacturing,683762.23,0.76,1,0.0,High
973,1252193.06,831180.16,29475.27,51475.62,4,1,Tech,421012.9,1.75,9,0.0,High
974,804212.81,738947.24,79809.14,48866.98,2,0,Retail,65265.570000000065,0.61,9,0.0,High
975,866144.97,696258.25,63670.44,51556.69,1,0,Healthcare,169886.71999999997,0.81,8,0.0,Medium
976,433137.78,622296.31,51586.31,49915.77,0,1,Retail,-189158.53000000003,0.97,6,0.0,Low
977,864308.1,924822.54,68955.6,53062.41,4,2,Retail,-60514.44000000006,0.77,0,0.0,High
978,272836.2,889505.29,37305.26,62473.06,2,0,Retail,-616669.0900000001,1.67,8,0.0,Medium
979,524829.15,545424.47,58152.19,53681.03,3,2,Retail,-20595.31999999995,0.92,1,0.0,High
980,1228124.4,781410.46,52997.16,37503.45,1,1,Retail,446713.93999999994,0.71,3,0.0,High
981,1235740.05,505668.65,53960.3,61625.63,0,2,Tech,730071.4,1.14,8,0.0,High
982,1127637.27,424076.37,69085.3,64406.15,1,0,Healthcare,703560.9,0.93,3,0.0,Low
983,709907.16,574656.56,60987.38,79520.57,3,2,Retail,135250.59999999998,1.3,2,0.0,High
984,985686.59,872478.69,54330.85,36765.06,0,2,Retail,113207.90000000002,0.68,0,0.0,High
985,998919.24,890625.01,25176.69,50428.82,3,0,Retail,108294.22999999998,2.0,6,0.0,High
986,652490.59,802617.08,35599.31,27179.01,1,0,Retail,-150126.49,0.76,5,0.0,High
987,1451019.49,845019.16,48159.37,53531.49,2,2,Finance,606000.33,1.11,9,0.0,High
988,1263208.69,803235.66,51400.59,42518.0,1,2,Finance,459973.0299999999,0.83,3,0.0,High
989,933710.75,571703.68,33046.94,67234.46,1,1,Manufacturing,362007.06999999995,2.03,5,0.0,Low
990,1008065.75,786384.51,86175.15,40253.85,1,0,Retail,221681.24,0.47,5,0.0,High
991,1062514.84,860081.91,72745.91,31108.17,4,2,Manufacturing,202432.93000000005,0.43,3,0.0,High
992,387479.54,850858.27,59031.77,43287.36,3,0,Tech,-463378.73000000004,0.73,5,0.0,High
993,925846.79,937782.67,51080.55,28245.12,3,1,Manufacturing,-11935.880000000005,0.55,9,0.0,High
994,795404.73,841660.77,46816.87,55510.99,3,2,Healthcare,-46256.04000000004,1.19,7,0.0,High
995,699514.0,770289.64,35721.22,27349.17,4,2,Finance,-70775.64000000001,0.77,2,0.0,High
996,915669.91,914030.05,51162.21,48284.58,2,2,Finance,1639.859999999986,0.94,3,0.0,High
997,1539305.96,694695.75,53866.29,27221.88,1,0,Retail,844610.21,0.51,9,0.0,High
998,1192252.86,523625.07,31373.59,44797.02,2,1,Retail,668627.79,1.43,0,0.0,Medium
999,828646.3,667386.61,55012.65,64433.78,4,0,Tech,161259.69000000006,1.17,3,0.0,High
1000,1171774.83,551019.47,47671.11,51606.48,3,2,Tech,620755.3600000001,1.08,9,0.0,High
